,Location,Player,Kills,Deaths,K/D,Damage Dealt,Damage Taken,Damage Differential,Total Rounds,Percentage Kills,Percentage Deaths,Percentage Damage Taken,Percentage Damage Dealt
0,Ticketbooth ,s1mple,2,3,-1,200,280,-80,295,0.9389671361502347,0.6012024048096193,0.6364070277518922,0.9678668215253582
1,CT Deep Catwalk Mid peek,s1mple,0,1,-1,0,35,-35,295,0.0,0.2004008016032064,0.07955087846898652,0.0
2,Market Window Peek,s1mple,0,3,-3,0,300,-300,295,0.0,0.6012024048096193,0.681864672591313,0.0
3,CT Left Side,s1mple,0,2,-2,0,172,-172,295,0.0,0.4008016032064128,0.39093574561901945,0.0
4,CT Catwalk,s1mple,1,1,0,19,70,-51,295,0.4694835680751174,0.2004008016032064,0.15910175693797304,0.09194734804490902
5,Catwalk T Aparments Peek,s1mple,0,0,0,0,0,0,295,0.0,0.0,0.0,0.0
6,Snipers Nest,s1mple,0,0,0,0,0,0,295,0.0,0.0,0.0,0.0
7,Triple Box,s1mple,1,1,0,100,25,75,295,0.4694835680751174,0.2004008016032064,0.056822056049276086,0.4839334107626791
8,Underpass,s1mple,1,1,0,39,9,30,295,0.4694835680751174,0.2004008016032064,0.02045594017773939,0.18873403019744484
9,Default A,s1mple,2,0,2,173,0,173,295,0.9389671361502347,0.0,0.0,0.8372048006194347
10,Leftside Connector,s1mple,1,0,1,100,0,100,295,0.4694835680751174,0.0,0.0,0.4839334107626791
11,Close Market door,s1mple,1,0,1,100,0,100,295,0.4694835680751174,0.0,0.0,0.4839334107626791
12,Ninja,s1mple,0,0,0,0,0,0,295,0.0,0.0,0.0,0.0
13,Underneath B apps plat,s1mple,1,0,1,100,0,100,295,0.4694835680751174,0.0,0.0,0.4839334107626791
14,Bottom Connector,s1mple,1,0,1,26,0,26,295,0.4694835680751174,0.0,0.0,0.12582268679829656
15,Close A Ramp,s1mple,0,0,0,0,0,0,295,0.0,0.0,0.0,0.0
16,Catwalk Plant B Site,s1mple,1,0,1,100,0,100,295,0.4694835680751174,0.0,0.0,0.4839334107626791
17,A Ramp,s1mple,5,0,5,450,0,450,295,2.3474178403755865,0.0,0.0,2.177700348432056
18,Snipers Palace Peek,s1mple,0,1,-1,0,100,-100,295,0.0,0.2004008016032064,0.22728822419710434,0.0
19,Deep Catwalk,s1mple,3,1,2,271,100,171,295,1.4084507042253522,0.2004008016032064,0.22728822419710434,1.31145954316686
20,Right Side Connector,s1mple,1,1,0,100,100,0,295,0.4694835680751174,0.2004008016032064,0.22728822419710434,0.4839334107626791
21,Bottom Stairs,s1mple,3,0,3,250,0,250,295,1.4084507042253522,0.0,0.0,1.2098335269066978
22,A Site Exposed to Stairs Connector Cat,s1mple,4,0,4,373,0,373,295,1.8779342723004695,0.0,0.0,1.8050716221447927
23,Deep Jungle,s1mple,1,0,1,97,0,97,295,0.4694835680751174,0.0,0.0,0.4694154084397987
24,T Palace Stairs Peek,s1mple,1,0,1,100,0,100,295,0.4694835680751174,0.0,0.0,0.4839334107626791
25,Deep T Apps,s1mple,2,0,2,200,0,200,295,0.9389671361502347,0.0,0.0,0.9678668215253582
26,Back Right B Site from T's Perspective,s1mple,0,1,-1,0,100,-100,295,0.0,0.2004008016032064,0.22728822419710434,0.0
27,Firebox,s1mple,0,0,0,0,0,0,295,0.0,0.0,0.0,0.0
28,market,s1mple,0,0,0,0,0,0,295,0.0,0.0,0.0,0.0
29,Left Side Platform,s1mple,1,0,1,57,0,57,295,0.4694835680751174,0.0,0.0,0.27584204413472707
30,T Spawn,s1mple,1,0,1,100,0,100,295,0.4694835680751174,0.0,0.0,0.4839334107626791
31,Bench,s1mple,0,0,0,0,73,-73,295,0.0,0.0,0.16592040366388616,0.0
32,Top STairs,s1mple,1,0,1,100,0,100,295,0.4694835680751174,0.0,0.0,0.4839334107626791
33,Catwalk Connector Peek,s1mple,1,1,0,100,100,0,295,0.4694835680751174,0.2004008016032064,0.22728822419710434,0.4839334107626791
34,Register Market,s1mple,0,0,0,0,0,0,295,0.0,0.0,0.0,0.0
35,Stairs Smoke Platform,s1mple,0,0,0,0,0,0,295,0.0,0.0,0.0,0.0
36,A Site,s1mple,0,0,0,0,0,0,295,0.0,0.0,0.0,0.0
37,Stairs Palace Peek,s1mple,0,0,0,0,64,-64,295,0.0,0.0,0.14546446348614678,0.0
38,Deep Palace,s1mple,2,0,2,200,0,200,295,0.9389671361502347,0.0,0.0,0.9678668215253582
39,Back Left B Site From T's' Perspective,s1mple,0,0,0,0,0,0,295,0.0,0.0,0.0,0.0
40,Jungle Plant,s1mple,0,0,0,0,0,0,295,0.0,0.0,0.0,0.0
41,Arch,s1mple,1,0,1,84,0,84,295,0.4694835680751174,0.0,0.0,0.40650406504065045
42,Deep CT,s1mple,0,0,0,0,0,0,295,0.0,0.0,0.0,0.0
43,Left Side corner deep jungle,s1mple,0,0,0,0,0,0,295,0.0,0.0,0.0,0.0
44,Top Balcony,s1mple,4,1,3,427,94,333,295,1.8779342723004695,0.2004008016032064,0.21365093074527808,2.06639566395664
45,Top Mid,s1mple,0,0,0,0,0,0,295,0.0,0.0,0.0,0.0
46,Safe Plant B Site,s1mple,0,0,0,0,0,0,295,0.0,0.0,0.0,0.0
47,Top Connector,s1mple,4,1,3,403,73,330,295,1.8779342723004695,0.2004008016032064,0.16592040366388616,1.9502516453735967
48,Ticketbooth ,junior,0,2,-2,0,200,-200,306,0.0,0.4008016032064128,0.4545764483942087,0.0
49,Deep CT,junior,0,0,0,0,0,0,306,0.0,0.0,0.0,0.0
50,Close Market door,junior,0,0,0,0,0,0,306,0.0,0.0,0.0,0.0
51,CT Left Side,junior,0,2,-2,0,200,-200,306,0.0,0.4008016032064128,0.4545764483942087,0.0
52,Right Side Connector,junior,0,2,-2,70,200,-130,306,0.0,0.4008016032064128,0.4545764483942087,0.33875338753387535
53,CT Catwalk,junior,1,0,1,100,0,100,306,0.4694835680751174,0.0,0.0,0.4839334107626791
54,Arch,junior,0,0,0,0,0,0,306,0.0,0.0,0.0,0.0
55,A Site Exposed to Stairs Connector Cat,junior,0,2,-2,0,200,-200,306,0.0,0.4008016032064128,0.4545764483942087,0.0
56,Bottom Stairs,junior,0,1,-1,0,100,-100,306,0.0,0.2004008016032064,0.22728822419710434,0.0
57,A Site,junior,2,2,0,200,199,1,306,0.9389671361502347,0.4008016032064128,0.45230356615223766,0.9678668215253582
58,Top STairs,junior,0,1,-1,0,100,-100,306,0.0,0.2004008016032064,0.22728822419710434,0.0
59,Market Window Peek,junior,0,0,0,0,0,0,306,0.0,0.0,0.0,0.0
60,Deep Palace,junior,1,1,0,100,100,0,306,0.4694835680751174,0.2004008016032064,0.22728822419710434,0.4839334107626791
61,Snipers Nest,junior,0,1,-1,0,44,-44,306,0.0,0.2004008016032064,0.10000681864672592,0.0
62,Top Mid Left Side,junior,0,0,0,0,0,0,306,0.0,0.0,0.0,0.0
63,Underpass,junior,0,1,-1,0,100,-100,306,0.0,0.2004008016032064,0.22728822419710434,0.0
64,market,junior,0,0,0,0,0,0,306,0.0,0.0,0.0,0.0
65,T apps entrance close left,junior,0,0,0,0,0,0,306,0.0,0.0,0.0,0.0
66,Top Balcony,junior,6,0,6,600,0,600,306,2.8169014084507045,0.0,0.0,2.9036004645760745
67,A Ramp,junior,3,0,3,368,0,368,306,1.4084507042253522,0.0,0.0,1.780874951606659
68,Deep T Apps,junior,0,0,0,0,0,0,306,0.0,0.0,0.0,0.0
69,Back Left B Site From T's' Perspective,junior,0,0,0,0,63,-63,306,0.0,0.0,0.14319158124417575,0.0
70,Catwalk Plant B Site,junior,0,1,-1,0,100,-100,306,0.0,0.2004008016032064,0.22728822419710434,0.0
71,Under balcony,junior,0,0,0,0,0,0,306,0.0,0.0,0.0,0.0
72,CT Deep Catwalk Mid peek,junior,0,0,0,73,0,73,306,0.0,0.0,0.0,0.3532713898567557
73,Underneath B apps plat,junior,1,1,0,100,30,70,306,0.4694835680751174,0.2004008016032064,0.0681864672591313,0.4839334107626791
74,CT Outside Market,junior,0,1,-1,0,100,-100,306,0.0,0.2004008016032064,0.22728822419710434,0.0
75,Snipers Palace Peek,junior,0,1,-1,0,75,-75,306,0.0,0.2004008016032064,0.17046616814782825,0.0
76,T Spawn,junior,0,0,0,0,0,0,306,0.0,0.0,0.0,0.0
77,CT Side Apps,junior,2,1,1,168,116,52,306,0.9389671361502347,0.2004008016032064,0.2636543400686411,0.8130081300813009
78,CT Cheese Spot Murder Hole ,junior,0,1,-1,0,0,0,306,0.0,0.2004008016032064,0.0,0.0
79,Close Left CT A Ramp,junior,2,0,2,199,0,199,306,0.9389671361502347,0.0,0.0,0.9630274874177314
80,Inside Market Doors,junior,0,0,0,0,0,0,306,0.0,0.0,0.0,0.0
81,Ticketbooth ,arT,0,0,0,0,0,0,153,0.0,0.0,0.0,0.0
82,A Site Exposed to Stairs Connector Cat,arT,0,2,-2,0,149,-149,153,0.0,0.4008016032064128,0.33865945405368547,0.0
83,Snipers Palace Peek,arT,0,0,0,0,0,0,153,0.0,0.0,0.0,0.0
84,CT Left Side,arT,0,1,-1,0,100,-100,153,0.0,0.2004008016032064,0.22728822419710434,0.0
85,Snipers Nest,arT,0,1,-1,0,133,-133,153,0.0,0.2004008016032064,0.30229333818214876,0.0
86,Underpass,arT,0,1,-1,0,69,-69,153,0.0,0.2004008016032064,0.156828874696002,0.0
87,CT Catwalk,arT,0,1,-1,0,100,-100,153,0.0,0.2004008016032064,0.22728822419710434,0.0
88,Bottom Stairs,arT,0,2,-2,0,116,-116,153,0.0,0.4008016032064128,0.2636543400686411,0.0
89,T Palace Stairs Peek,arT,0,0,0,0,0,0,153,0.0,0.0,0.0,0.0
90,Leftside Connector,arT,0,1,-1,0,100,-100,153,0.0,0.2004008016032064,0.22728822419710434,0.0
91,Top Mid Catwalk,arT,0,1,-1,0,100,-100,153,0.0,0.2004008016032064,0.22728822419710434,0.0
92,CT Deep Catwalk Mid peek,arT,0,0,0,0,0,0,153,0.0,0.0,0.0,0.0
93,Middle Bench,arT,0,1,-1,0,100,-100,153,0.0,0.2004008016032064,0.22728822419710434,0.0
94,Top Mid towards Apps,arT,0,1,-1,0,100,-100,153,0.0,0.2004008016032064,0.22728822419710434,0.0
95,Catwalk T Aparments Peek,arT,1,1,0,100,100,0,153,0.4694835680751174,0.2004008016032064,0.22728822419710434,0.4839334107626791
96,Deep Jungle,arT,1,0,1,100,0,100,153,0.4694835680751174,0.0,0.0,0.4839334107626791
97,Top Mid,arT,0,1,-1,0,100,-100,153,0.0,0.2004008016032064,0.22728822419710434,0.0
98,Elevated Snipers Awp Peek,arT,0,0,0,0,0,0,153,0.0,0.0,0.0,0.0
99,Catwalk Connector Peek,arT,1,1,0,100,100,0,153,0.4694835680751174,0.2004008016032064,0.22728822419710434,0.4839334107626791
100,CT Side Apps,arT,0,0,0,0,0,0,153,0.0,0.0,0.0,0.0
101,Close Market door,arT,0,1,-1,0,74,-74,153,0.0,0.2004008016032064,0.16819328590585722,0.0
102,Close Left CT A Ramp,arT,0,1,-1,0,73,-73,153,0.0,0.2004008016032064,0.16592040366388616,0.0
103,Deep Catwalk,arT,1,0,1,48,0,48,153,0.4694835680751174,0.0,0.0,0.23228803716608595
104,Top Mid Left Side,arT,1,0,1,100,0,100,153,0.4694835680751174,0.0,0.0,0.4839334107626791
105,Mid Close Connector,arT,0,0,0,0,0,0,153,0.0,0.0,0.0,0.0
106,Default A,arT,0,0,0,0,0,0,153,0.0,0.0,0.0,0.0
107,T apps entrance close left,arT,0,0,0,0,0,0,153,0.0,0.0,0.0,0.0
108,market,arT,0,0,0,0,0,0,153,0.0,0.0,0.0,0.0
109,Deep Catwalk,degster,0,0,0,0,0,0,164,0.0,0.0,0.0,0.0
110,Ticketbooth ,degster,1,1,0,100,67,33,164,0.4694835680751174,0.2004008016032064,0.15228311021205992,0.4839334107626791
111,CT Catwalk,degster,0,0,0,0,0,0,164,0.0,0.0,0.0,0.0
112,Bottom Stairs,degster,0,0,0,0,0,0,164,0.0,0.0,0.0,0.0
113,Triple Box,degster,0,0,0,0,0,0,164,0.0,0.0,0.0,0.0
114,Underneath B apps plat,degster,0,0,0,44,0,44,164,0.0,0.0,0.0,0.2129307007355788
115,Deep CT,degster,0,1,-1,0,86,-86,164,0.0,0.2004008016032064,0.19546787280950972,0.0
116,Snipers Nest,degster,0,0,0,0,0,0,164,0.0,0.0,0.0,0.0
117,CT Deep Catwalk Mid peek,degster,1,0,1,222,0,222,164,0.4694835680751174,0.0,0.0,1.0743321718931476
118,Market Window Peek,degster,0,0,0,0,0,0,164,0.0,0.0,0.0,0.0
119,T Deep Apps Underpass/Apps Peek,degster,0,0,0,0,0,0,164,0.0,0.0,0.0,0.0
120,Back Right B Site from T's Perspective,degster,0,0,0,0,0,0,164,0.0,0.0,0.0,0.0
121,T Palace Stairs Peek,degster,0,0,0,0,0,0,164,0.0,0.0,0.0,0.0
122,A Site,degster,0,0,0,0,0,0,164,0.0,0.0,0.0,0.0
123,B site Market Plant,degster,0,0,0,0,0,0,164,0.0,0.0,0.0,0.0
124,Ladder Room Catwalk Side,degster,0,0,0,0,0,0,164,0.0,0.0,0.0,0.0
125,CT Side Apps,degster,4,1,3,400,183,217,164,1.8779342723004695,0.2004008016032064,0.415937450280701,1.9357336430507164
126,Right Side Connector,degster,0,1,-1,0,100,-100,164,0.0,0.2004008016032064,0.22728822419710434,0.0
127,Bottom Mid Ladder Room Peek,degster,0,0,0,0,0,0,164,0.0,0.0,0.0,0.0
128,Top STairs,degster,0,0,0,0,34,-34,164,0.0,0.0,0.07727799622701548,0.0
129,Ticketbooth ,cadiaN,0,1,-1,0,100,-100,132,0.0,0.2004008016032064,0.22728822419710434,0.0
130,Triple Box,cadiaN,0,0,0,0,0,0,132,0.0,0.0,0.0,0.0
131,Bench,cadiaN,1,0,1,100,0,100,132,0.4694835680751174,0.0,0.0,0.4839334107626791
132,A Site Exposed to Stairs Connector Cat,cadiaN,0,0,0,0,0,0,132,0.0,0.0,0.0,0.0
133,Underneath B apps plat,cadiaN,0,1,-1,0,100,-100,132,0.0,0.2004008016032064,0.22728822419710434,0.0
134,Close Market door,cadiaN,0,0,0,0,0,0,132,0.0,0.0,0.0,0.0
135,Top Mid,cadiaN,0,1,-1,0,100,-100,132,0.0,0.2004008016032064,0.22728822419710434,0.0
136,Tetris,cadiaN,0,0,0,0,0,0,132,0.0,0.0,0.0,0.0
137,B Site Default Plant,cadiaN,1,0,1,100,0,100,132,0.4694835680751174,0.0,0.0,0.4839334107626791
138,Underpass,cadiaN,0,0,0,0,0,0,132,0.0,0.0,0.0,0.0
139,Deep T Apps,cadiaN,0,0,0,0,0,0,132,0.0,0.0,0.0,0.0
140,Top STairs,cadiaN,0,0,0,0,0,0,132,0.0,0.0,0.0,0.0
141,Back Right B Site from T's Perspective,cadiaN,0,0,0,0,0,0,132,0.0,0.0,0.0,0.0
142,Ninja,cadiaN,0,0,0,0,0,0,132,0.0,0.0,0.0,0.0
143,Deep Catwalk,cadiaN,0,0,0,0,0,0,132,0.0,0.0,0.0,0.0
144,CT Deep Catwalk Mid peek,cadiaN,0,0,0,0,0,0,132,0.0,0.0,0.0,0.0
145,Default A,cadiaN,2,1,1,171,100,71,132,0.9389671361502347,0.2004008016032064,0.22728822419710434,0.8275261324041812
146,A Site,cadiaN,2,0,2,200,0,200,132,0.9389671361502347,0.0,0.0,0.9678668215253582
147,Deep CT,cadiaN,0,0,0,0,0,0,132,0.0,0.0,0.0,0.0
148,CT Outside Market,cadiaN,0,0,0,0,0,0,132,0.0,0.0,0.0,0.0
149,T Palace Stairs Peek,cadiaN,0,1,-1,0,100,-100,132,0.0,0.2004008016032064,0.22728822419710434,0.0
150,Ticketbooth ,poizon,0,0,0,0,0,0,207,0.0,0.0,0.0,0.0
151,Deep Jungle,poizon,0,0,0,0,0,0,207,0.0,0.0,0.0,0.0
152,Left Side Platform,poizon,0,0,0,0,0,0,207,0.0,0.0,0.0,0.0
153,Deep Palace,poizon,1,1,0,100,100,0,207,0.4694835680751174,0.2004008016032064,0.22728822419710434,0.4839334107626791
154,Triple Box,poizon,0,1,-1,0,163,-163,207,0.0,0.2004008016032064,0.37047980544128006,0.0
155,Top STairs,poizon,0,1,-1,0,100,-100,207,0.0,0.2004008016032064,0.22728822419710434,0.0
156,Catwalk Connector Peek,poizon,0,1,-1,0,100,-100,207,0.0,0.2004008016032064,0.22728822419710434,0.0
157,T Spawn,poizon,0,0,0,0,0,0,207,0.0,0.0,0.0,0.0
158,A Site,poizon,2,0,2,147,0,147,207,0.9389671361502347,0.0,0.0,0.7113821138211381
159,market,poizon,0,1,-1,0,100,-100,207,0.0,0.2004008016032064,0.22728822419710434,0.0
160,Right Side Connector,poizon,0,0,0,0,0,0,207,0.0,0.0,0.0,0.0
161,Under balcony,poizon,0,0,0,0,0,0,207,0.0,0.0,0.0,0.0
162,A Site Exposed to Stairs Connector Cat,poizon,1,0,1,100,0,100,207,0.4694835680751174,0.0,0.0,0.4839334107626791
163,Snipers Palace Peek,poizon,0,0,0,0,0,0,207,0.0,0.0,0.0,0.0
164,Top Mid Catwalk,poizon,0,0,0,0,0,0,207,0.0,0.0,0.0,0.0
165,Deep T Apps,poizon,3,0,3,258,0,258,207,1.4084507042253522,0.0,0.0,1.248548199767712
166,Van Barrel Peek,poizon,0,1,-1,0,0,0,207,0.0,0.2004008016032064,0.0,0.0
167,Bottom Connector,poizon,0,0,0,70,0,70,207,0.0,0.0,0.0,0.33875338753387535
168,Arch,poizon,0,0,0,0,0,0,207,0.0,0.0,0.0,0.0
169,Default A,poizon,5,0,5,446,0,446,207,2.3474178403755865,0.0,0.0,2.1583430120015485
170,CT Deep Catwalk Mid peek,poizon,1,0,1,100,0,100,207,0.4694835680751174,0.0,0.0,0.4839334107626791
171,Bench,poizon,0,0,0,0,0,0,207,0.0,0.0,0.0,0.0
172,Bottom Stairs,poizon,2,0,2,200,0,200,207,0.9389671361502347,0.0,0.0,0.9678668215253582
173,Top Connector,poizon,0,0,0,0,0,0,207,0.0,0.0,0.0,0.0
174,Ticketbooth ,acoR,0,0,0,0,0,0,135,0.0,0.0,0.0,0.0
175,CT Deep Catwalk Mid peek,acoR,0,0,0,0,0,0,135,0.0,0.0,0.0,0.0
176,Mid Close Connector,acoR,0,0,0,45,0,45,135,0.0,0.0,0.0,0.21777003484320556
177,market,acoR,0,1,-1,0,100,-100,135,0.0,0.2004008016032064,0.22728822419710434,0.0
178,T Spawn,acoR,0,0,0,0,0,0,135,0.0,0.0,0.0,0.0
179,Market Window Peek,acoR,0,0,0,0,0,0,135,0.0,0.0,0.0,0.0
180,Inside Market Doors,acoR,0,1,-1,0,72,-72,135,0.0,0.2004008016032064,0.16364752142191513,0.0
181,Stairs Palace Peek,acoR,0,0,0,0,0,0,135,0.0,0.0,0.0,0.0
182,Ladder Room Catwalk Side,acoR,0,0,0,0,0,0,135,0.0,0.0,0.0,0.0
183,A Site Exposed to Stairs Connector Cat,acoR,0,0,0,0,0,0,135,0.0,0.0,0.0,0.0
184,Snipers Palace Peek,acoR,0,0,0,0,0,0,135,0.0,0.0,0.0,0.0
185,Deep CT,acoR,0,1,-1,0,100,-100,135,0.0,0.2004008016032064,0.22728822419710434,0.0
186,Snipers Nest,acoR,0,0,0,0,0,0,135,0.0,0.0,0.0,0.0
187,Bottom Stairs,acoR,0,0,0,0,0,0,135,0.0,0.0,0.0,0.0
188,Top Mid Left Side,acoR,0,0,0,40,0,40,135,0.0,0.0,0.0,0.19357336430507163
189,Triple Box,acoR,0,0,0,0,0,0,135,0.0,0.0,0.0,0.0
190,Top Connector,acoR,2,0,2,200,0,200,135,0.9389671361502347,0.0,0.0,0.9678668215253582
191,Close Market Window,acoR,0,0,0,0,0,0,135,0.0,0.0,0.0,0.0
192,Deep Catwalk,acoR,1,1,0,50,100,-50,135,0.4694835680751174,0.2004008016032064,0.22728822419710434,0.24196670538133955
193,Default A,acoR,0,0,0,0,0,0,135,0.0,0.0,0.0,0.0
194,Deep Jungle,acoR,0,0,0,0,0,0,135,0.0,0.0,0.0,0.0
195,T Palace Stairs Peek,acoR,2,0,2,163,0,163,135,0.9389671361502347,0.0,0.0,0.7888114595431669
196,Ticketbooth ,ZywOo,0,2,-2,0,200,-200,81,0.0,0.4008016032064128,0.4545764483942087,0.0
197,Right Side Snipers Nest,ZywOo,0,0,0,0,0,0,81,0.0,0.0,0.0,0.0
198,Bench,ZywOo,0,1,-1,0,53,-53,81,0.0,0.2004008016032064,0.1204627588244653,0.0
199,CT Deep Catwalk Mid peek,ZywOo,0,1,-1,73,100,-27,81,0.0,0.2004008016032064,0.22728822419710434,0.3532713898567557
200,Default A,ZywOo,0,0,0,0,0,0,81,0.0,0.0,0.0,0.0
201,Mid Close Connector,ZywOo,0,1,-1,0,99,-99,81,0.0,0.2004008016032064,0.22501534195513329,0.0
202,Connector behind box,ZywOo,0,0,0,0,0,0,81,0.0,0.0,0.0,0.0
203,Close A Ramp,ZywOo,0,0,0,0,0,0,81,0.0,0.0,0.0,0.0
204,Close Market door,ZywOo,0,1,-1,0,84,-84,81,0.0,0.2004008016032064,0.19092210832556764,0.0
205,A Ramp,ZywOo,0,0,0,0,0,0,81,0.0,0.0,0.0,0.0
206,Catwalk Connector Peek,ZywOo,1,0,1,74,0,74,81,0.4694835680751174,0.0,0.0,0.35811072396438254
207,Inside Market Doors,ZywOo,0,0,0,0,0,0,81,0.0,0.0,0.0,0.0
208,Catwalk T Aparments Peek,ZywOo,0,0,0,0,0,0,81,0.0,0.0,0.0,0.0
209,Ticketbooth ,Jame,0,2,-2,0,100,-100,82,0.0,0.4008016032064128,0.22728822419710434,0.0
210,A Ramp,Jame,0,0,0,88,0,88,82,0.0,0.0,0.0,0.4258614014711576
211,Triple Box,Jame,0,0,0,0,0,0,82,0.0,0.0,0.0,0.0
212,Bottom Connector,Jame,1,0,1,60,0,60,82,0.4694835680751174,0.0,0.0,0.29036004645760743
213,Snipers Nest,Jame,0,0,0,0,0,0,82,0.0,0.0,0.0,0.0
214,T Deep Apps Underpass/Apps Peek,Jame,0,0,0,0,0,0,82,0.0,0.0,0.0,0.0
215,Snipers Palace Peek,Jame,0,0,0,0,0,0,82,0.0,0.0,0.0,0.0
216,Close Market door,Jame,0,0,0,0,0,0,82,0.0,0.0,0.0,0.0
217,A Site Exposed to Stairs Connector Cat,Jame,0,0,0,0,0,0,82,0.0,0.0,0.0,0.0
218,Bench Closer to Tribox,Jame,0,1,-1,0,17,-17,82,0.0,0.2004008016032064,0.03863899811350774,0.0
219,market,Jame,0,0,0,0,0,0,82,0.0,0.0,0.0,0.0
220,B Bombsite Cross to Catwalk,Jame,0,0,0,0,0,0,82,0.0,0.0,0.0,0.0
221,CT Catwalk,Jame,1,0,1,100,0,100,82,0.4694835680751174,0.0,0.0,0.4839334107626791
222,CT Outside Market,Jame,0,0,0,0,0,0,82,0.0,0.0,0.0,0.0
223,Deep CT,Jame,0,0,0,0,0,0,82,0.0,0.0,0.0,0.0
224,Left Side Platform,Jame,0,1,-1,79,100,-21,82,0.0,0.2004008016032064,0.22728822419710434,0.38230739450251644
225,Close Left CT A Ramp,Jame,2,0,2,168,0,168,82,0.9389671361502347,0.0,0.0,0.8130081300813009
226,Bottom Stairs,Jame,0,0,0,0,0,0,82,0.0,0.0,0.0,0.0
227,CT Deep Catwalk Mid peek,Jame,1,0,1,100,0,100,82,0.4694835680751174,0.0,0.0,0.4839334107626791
228,Close A Ramp,Jame,1,0,1,7,0,7,82,0.4694835680751174,0.0,0.0,0.03387533875338753
229,Connector behind box,Jame,0,0,0,0,0,0,82,0.0,0.0,0.0,0.0
230,Market Window Peek,Jame,1,0,1,100,99,1,82,0.4694835680751174,0.0,0.22501534195513329,0.4839334107626791
231,Deep Catwalk,Jame,1,0,1,100,0,100,82,0.4694835680751174,0.0,0.0,0.4839334107626791
232,Top Connector,Jame,0,0,0,0,0,0,82,0.0,0.0,0.0,0.0
233,Bottom Connector,broky,0,0,0,0,0,0,149,0.0,0.0,0.0,0.0
234,Ticketbooth ,broky,1,0,1,100,0,100,149,0.4694835680751174,0.0,0.0,0.4839334107626791
235,A Site Exposed to Stairs Connector Cat,broky,1,0,1,74,0,74,149,0.4694835680751174,0.0,0.0,0.35811072396438254
236,Close A Ramp,broky,0,0,0,0,0,0,149,0.0,0.0,0.0,0.0
237,CT Deep Catwalk Mid peek,broky,2,0,2,174,0,174,149,0.9389671361502347,0.0,0.0,0.8420441347270615
238,Bench,broky,0,0,0,0,0,0,149,0.0,0.0,0.0,0.0
239,Deep Jungle,broky,0,0,0,0,0,0,149,0.0,0.0,0.0,0.0
240,Market Window Peek,broky,0,1,-1,41,100,-59,149,0.0,0.2004008016032064,0.22728822419710434,0.1984126984126984
241,Bottom Stairs,broky,0,0,0,0,0,0,149,0.0,0.0,0.0,0.0
242,Inside Market Doors,broky,0,0,0,0,0,0,149,0.0,0.0,0.0,0.0
243,Deep T Apps Underpass STairs,broky,0,0,0,0,0,0,149,0.0,0.0,0.0,0.0
244,Snipers Nest,broky,0,0,0,0,40,-40,149,0.0,0.0,0.09091528967884174,0.0
245,T Spawn A Ramp,broky,0,0,0,0,0,0,149,0.0,0.0,0.0,0.0
246,Deep CT,broky,0,0,0,0,0,0,149,0.0,0.0,0.0,0.0
247,Deep Catwalk,broky,0,0,0,0,0,0,149,0.0,0.0,0.0,0.0
248,Close Market door,broky,0,0,0,0,0,0,149,0.0,0.0,0.0,0.0
249,A Site,broky,2,0,2,173,0,173,149,0.9389671361502347,0.0,0.0,0.8372048006194347
250,Stairs Palace Peek,broky,0,0,0,0,0,0,149,0.0,0.0,0.0,0.0
251,Triple Box,broky,0,1,-1,0,40,-40,149,0.0,0.2004008016032064,0.09091528967884174,0.0
252,Mid Close Connector,broky,0,0,0,0,0,0,149,0.0,0.0,0.0,0.0
253,Top Van,broky,0,0,0,0,0,0,149,0.0,0.0,0.0,0.0
254,Deep T Apps,broky,0,0,0,0,0,0,149,0.0,0.0,0.0,0.0
255,Ticketbooth ,syrsoN,0,0,0,0,0,0,161,0.0,0.0,0.0,0.0
256,T Palace Stairs Peek,syrsoN,1,1,0,15,100,-85,161,0.4694835680751174,0.2004008016032064,0.22728822419710434,0.07259001161440186
257,Bottom Stairs,syrsoN,0,0,0,0,0,0,161,0.0,0.0,0.0,0.0
258,Market Window Peek,syrsoN,0,0,0,0,0,0,161,0.0,0.0,0.0,0.0
259,Snipers Palace Peek,syrsoN,0,0,0,0,0,0,161,0.0,0.0,0.0,0.0
260,B site Market Plant,syrsoN,0,0,0,0,0,0,161,0.0,0.0,0.0,0.0
261,Close Market door,syrsoN,0,0,0,0,0,0,161,0.0,0.0,0.0,0.0
262,Deep Catwalk,syrsoN,2,0,2,200,0,200,161,0.9389671361502347,0.0,0.0,0.9678668215253582
263,Mid Close Connector,syrsoN,1,0,1,100,0,100,161,0.4694835680751174,0.0,0.0,0.4839334107626791
264,Bench,syrsoN,0,0,0,0,0,0,161,0.0,0.0,0.0,0.0
265,Close A Ramp,syrsoN,0,0,0,0,0,0,161,0.0,0.0,0.0,0.0
266,Under window B apps,syrsoN,0,1,-1,0,0,0,161,0.0,0.2004008016032064,0.0,0.0
267,market,syrsoN,0,0,0,0,0,0,161,0.0,0.0,0.0,0.0
268,CT Side Apps,syrsoN,4,0,4,306,0,306,161,1.8779342723004695,0.0,0.0,1.480836236933798
269,A Site Exposed to Stairs Connector Cat,syrsoN,0,0,0,63,0,63,161,0.0,0.0,0.0,0.3048780487804878
270,Underpass,syrsoN,0,0,0,0,0,0,161,0.0,0.0,0.0,0.0
271,Underneath B apps plat,syrsoN,0,0,0,0,0,0,161,0.0,0.0,0.0,0.0
272,T Spawn A Ramp,syrsoN,2,0,2,200,0,200,161,0.9389671361502347,0.0,0.0,0.9678668215253582
273,CT Catwalk,syrsoN,2,0,2,153,0,153,161,0.9389671361502347,0.0,0.0,0.740418118466899
274,CT Spawn,syrsoN,0,0,0,0,0,0,161,0.0,0.0,0.0,0.0
275,Ticketbooth ,nawwk,0,1,-1,0,100,-100,143,0.0,0.2004008016032064,0.22728822419710434,0.0
276,Mid Close Connector,nawwk,0,0,0,0,0,0,143,0.0,0.0,0.0,0.0
277,Deep Catwalk,nawwk,2,0,2,200,0,200,143,0.9389671361502347,0.0,0.0,0.9678668215253582
278,Top Mid,nawwk,0,0,0,0,0,0,143,0.0,0.0,0.0,0.0
279,T Palace Stairs Peek,nawwk,0,0,0,0,0,0,143,0.0,0.0,0.0,0.0
280,Triple Box,nawwk,0,2,-2,0,200,-200,143,0.0,0.4008016032064128,0.4545764483942087,0.0
281,Left Side Platform,nawwk,0,0,0,0,0,0,143,0.0,0.0,0.0,0.0
282,market,nawwk,0,1,-1,0,100,-100,143,0.0,0.2004008016032064,0.22728822419710434,0.0
283,Right Side Connector,nawwk,0,0,0,0,0,0,143,0.0,0.0,0.0,0.0
284,Deep T Apps Underpass STairs,nawwk,0,0,0,0,0,0,143,0.0,0.0,0.0,0.0
285,Underneath B apps plat,nawwk,0,0,0,0,0,0,143,0.0,0.0,0.0,0.0
286,Bottom Connector,nawwk,0,0,0,0,0,0,143,0.0,0.0,0.0,0.0
287,Leftside Connector,nawwk,0,0,0,0,0,0,143,0.0,0.0,0.0,0.0
288,CT Deep Catwalk Mid peek,nawwk,1,0,1,74,0,74,143,0.4694835680751174,0.0,0.0,0.35811072396438254
289,Under balcony,nawwk,0,1,-1,0,47,-47,143,0.0,0.2004008016032064,0.10682546537263904,0.0
290,Under window B apps,nawwk,0,0,0,0,0,0,143,0.0,0.0,0.0,0.0
291,Bench,nawwk,2,0,2,199,0,199,143,0.9389671361502347,0.0,0.0,0.9630274874177314
292,B Site Default Plant,nawwk,0,0,0,0,0,0,143,0.0,0.0,0.0,0.0
293,CT Side Apps,nawwk,2,0,2,146,0,146,143,0.9389671361502347,0.0,0.0,0.7065427797135114
294,Safe Plant B Site,nawwk,0,0,0,0,0,0,143,0.0,0.0,0.0,0.0
295,Top Van,nawwk,0,0,0,0,0,0,143,0.0,0.0,0.0,0.0
296,Ladder Room Catwalk Side,nawwk,0,0,0,0,0,0,143,0.0,0.0,0.0,0.0
297,Close Market door,nawwk,0,1,-1,0,100,-100,143,0.0,0.2004008016032064,0.22728822419710434,0.0
298,Bottom Mid Boosting Snipers,nawwk,0,0,0,0,0,0,143,0.0,0.0,0.0,0.0
299,Ninja,nawwk,0,0,0,0,0,0,143,0.0,0.0,0.0,0.0
300,Default A,nawwk,0,0,0,0,0,0,143,0.0,0.0,0.0,0.0
301,Apartments Right CT Corner,nawwk,0,0,0,0,0,0,143,0.0,0.0,0.0,0.0
302,Bottom Stairs,sh1r0,1,0,1,100,0,100,189,0.4694835680751174,0.0,0.0,0.4839334107626791
303,Triple Box,sh1r0,0,0,0,0,0,0,189,0.0,0.0,0.0,0.0
304,Ticketbooth ,sh1r0,0,0,0,0,0,0,189,0.0,0.0,0.0,0.0
305,Snipers Nest,sh1r0,0,0,0,0,0,0,189,0.0,0.0,0.0,0.0
306,A Site Exposed to Stairs Connector Cat,sh1r0,0,0,0,0,0,0,189,0.0,0.0,0.0,0.0
307,CT Left Side,sh1r0,0,0,0,0,0,0,189,0.0,0.0,0.0,0.0
308,A Site,sh1r0,1,0,1,100,0,100,189,0.4694835680751174,0.0,0.0,0.4839334107626791
309,Deep Jungle,sh1r0,0,0,0,0,0,0,189,0.0,0.0,0.0,0.0
310,Catwalk T Aparments Peek,sh1r0,3,0,3,246,0,246,189,1.4084507042253522,0.0,0.0,1.1904761904761905
311,Arch,sh1r0,0,0,0,0,0,0,189,0.0,0.0,0.0,0.0
312,Left Side Platform,sh1r0,4,0,4,295,0,295,189,1.8779342723004695,0.0,0.0,1.4276035617499032
313,Underneath B apps plat,sh1r0,0,0,0,0,0,0,189,0.0,0.0,0.0,0.0
314,Stairs Palace Peek,sh1r0,0,0,0,0,0,0,189,0.0,0.0,0.0,0.0
315,Deep T Apps,sh1r0,0,0,0,0,0,0,189,0.0,0.0,0.0,0.0
316,T Spawn towards Apps,sh1r0,0,0,0,0,0,0,189,0.0,0.0,0.0,0.0
317,Right Side Connector,sh1r0,1,1,0,100,100,0,189,0.4694835680751174,0.2004008016032064,0.22728822419710434,0.4839334107626791
318,CT Catwalk,sh1r0,1,0,1,100,0,100,189,0.4694835680751174,0.0,0.0,0.4839334107626791
319,B Bombsite Cross to Catwalk,sh1r0,0,0,0,88,0,88,189,0.0,0.0,0.0,0.4258614014711576
320,B Site Default Plant,sh1r0,0,0,0,0,0,0,189,0.0,0.0,0.0,0.0
321,CT Deep Catwalk Mid peek,sh1r0,0,0,0,75,0,75,189,0.0,0.0,0.0,0.3629500580720093
322,Under balcony,sh1r0,0,1,-1,0,100,-100,189,0.0,0.2004008016032064,0.22728822419710434,0.0
323,Back Left B Site From T's' Perspective,sh1r0,0,0,0,0,0,0,189,0.0,0.0,0.0,0.0
324,T Palace Stairs Peek,sh1r0,5,0,5,496,0,496,189,2.3474178403755865,0.0,0.0,2.4003097173828882
325,Bench,sh1r0,0,0,0,41,0,41,189,0.0,0.0,0.0,0.1984126984126984
326,Top Mid towards Apps,sh1r0,1,0,1,100,0,100,189,0.4694835680751174,0.0,0.0,0.4839334107626791
327,Snipers Palace Peek,sh1r0,0,0,0,0,0,0,189,0.0,0.0,0.0,0.0
328,A Ramp,sh1r0,2,0,2,149,0,149,189,0.9389671361502347,0.0,0.0,0.7210607820363918
329,Top Balcony,sh1r0,3,0,3,391,0,391,189,1.4084507042253522,0.0,0.0,1.8921796360820748
330,CT Cheese Spot Murder Hole ,sh1r0,0,0,0,0,0,0,189,0.0,0.0,0.0,0.0
331,Ladder Room Catwalk Side,sh1r0,0,0,0,0,0,0,189,0.0,0.0,0.0,0.0
332,Catwalk Connector Peek,sh1r0,0,0,0,0,0,0,189,0.0,0.0,0.0,0.0
333,Close Market door,sh1r0,0,0,0,0,0,0,189,0.0,0.0,0.0,0.0
334,Top Mid Left Side,sh1r0,3,0,3,300,0,300,189,1.4084507042253522,0.0,0.0,1.4518002322880372
335,Catwalk Plant B Site,sh1r0,0,0,0,0,0,0,189,0.0,0.0,0.0,0.0
336,Mid Close Connector,sh1r0,2,0,2,253,0,253,189,0.9389671361502347,0.0,0.0,1.224351529229578
337,Default A,sh1r0,3,0,3,261,0,261,189,1.4084507042253522,0.0,0.0,1.2630662020905923
338,T Deep apps,sh1r0,0,0,0,0,0,0,189,0.0,0.0,0.0,0.0
339,Left Side Platform,stavn,0,2,-2,0,154,-154,84,0.0,0.4008016032064128,0.3500238652635407,0.0
340,Snipers Nest,stavn,0,1,-1,0,86,-86,84,0.0,0.2004008016032064,0.19546787280950972,0.0
341,A Site Exposed to Stairs Connector Cat,stavn,0,1,-1,0,100,-100,84,0.0,0.2004008016032064,0.22728822419710434,0.0
342,Deep T Apps,stavn,0,1,-1,0,57,-57,84,0.0,0.2004008016032064,0.12955428779234948,0.0
343,Market Window Peek,stavn,0,0,0,0,0,0,84,0.0,0.0,0.0,0.0
344,Right Side Connector,stavn,0,1,-1,0,100,-100,84,0.0,0.2004008016032064,0.22728822419710434,0.0
345,Catwalk Plant B Site,stavn,0,0,0,0,0,0,84,0.0,0.0,0.0,0.0
346,Triple Box,stavn,0,0,0,0,0,0,84,0.0,0.0,0.0,0.0
347,Top Mid,stavn,0,0,0,0,0,0,84,0.0,0.0,0.0,0.0
348,T Deep Apps Underpass/Apps Peek,stavn,0,0,0,0,0,0,84,0.0,0.0,0.0,0.0
349,Stairs Palace Peek,stavn,0,1,-1,0,100,-100,84,0.0,0.2004008016032064,0.22728822419710434,0.0
350,Top Connector,stavn,0,1,-1,0,73,-73,84,0.0,0.2004008016032064,0.16592040366388616,0.0
351,CT Deep Catwalk Mid peek,AmaNEk,0,3,-3,0,283,-283,28,0.0,0.6012024048096193,0.6432256744778053,0.0
352,Catwalk T Aparments Peek,AmaNEk,0,2,-2,0,146,-146,28,0.0,0.4008016032064128,0.3318408073277723,0.0
353,Market Window Peek,AmaNEk,0,1,-1,0,100,-100,28,0.0,0.2004008016032064,0.22728822419710434,0.0
354,Bottom Stairs,AmaNEk,0,1,-1,0,100,-100,28,0.0,0.2004008016032064,0.22728822419710434,0.0
355,A Ramp,AmaNEk,0,1,-1,0,100,-100,28,0.0,0.2004008016032064,0.22728822419710434,0.0
356,CT Catwalk,AmaNEk,0,1,-1,0,100,-100,28,0.0,0.2004008016032064,0.22728822419710434,0.0
357,B site Market Plant,AmaNEk,0,1,-1,0,3,-3,28,0.0,0.2004008016032064,0.00681864672591313,0.0
358,Default A,AmaNEk,0,1,-1,0,100,-100,28,0.0,0.2004008016032064,0.22728822419710434,0.0
359,Deep Catwalk,AmaNEk,0,1,-1,0,100,-100,28,0.0,0.2004008016032064,0.22728822419710434,0.0
360,T Deep Apps Underpass/Apps Peek,AmaNEk,0,0,0,0,0,0,28,0.0,0.0,0.0,0.0
361,CT Catwalk,NiKo,2,1,1,170,100,70,161,0.9389671361502347,0.2004008016032064,0.22728822419710434,0.8226867982965544
362,Ticketbooth ,NiKo,0,1,-1,0,100,-100,161,0.0,0.2004008016032064,0.22728822419710434,0.0
363,Close Market door,NiKo,0,0,0,0,0,0,161,0.0,0.0,0.0,0.0
364,Bottom Stairs,NiKo,1,1,0,100,39,61,161,0.4694835680751174,0.2004008016032064,0.0886424074368707,0.4839334107626791
365,A Site,NiKo,0,0,0,0,0,0,161,0.0,0.0,0.0,0.0
366,Catwalk Plant B Site,NiKo,0,1,-1,0,49,-49,161,0.0,0.2004008016032064,0.11137122985658114,0.0
367,Mid Close Connector,NiKo,0,0,0,0,0,0,161,0.0,0.0,0.0,0.0
368,Market Window Peek,NiKo,0,0,0,0,0,0,161,0.0,0.0,0.0,0.0
369,Right Side Connector,NiKo,0,0,0,0,0,0,161,0.0,0.0,0.0,0.0
370,Snipers Nest,NiKo,0,1,-1,0,100,-100,161,0.0,0.2004008016032064,0.22728822419710434,0.0
371,Deep CT,NiKo,0,0,0,0,0,0,161,0.0,0.0,0.0,0.0
372,Inside Market Doors,NiKo,0,0,0,0,0,0,161,0.0,0.0,0.0,0.0
373,Snipers Palace Peek,NiKo,0,1,-1,0,90,-90,161,0.0,0.2004008016032064,0.2045594017773939,0.0
374,market,NiKo,0,0,0,0,0,0,161,0.0,0.0,0.0,0.0
375,Leftside Connector,NiKo,1,1,0,100,100,0,161,0.4694835680751174,0.2004008016032064,0.22728822419710434,0.4839334107626791
376,A Site Exposed to Stairs Connector Cat,NiKo,0,0,0,0,0,0,161,0.0,0.0,0.0,0.0
377,Top Mid Left Side,NiKo,3,1,2,316,100,216,161,1.4084507042253522,0.2004008016032064,0.22728822419710434,1.5292295780100658
378,T Deep Apps Underpass/Apps Peek,NiKo,0,1,-1,0,100,-100,161,0.0,0.2004008016032064,0.22728822419710434,0.0
379,Deep Catwalk,NiKo,1,0,1,100,0,100,161,0.4694835680751174,0.0,0.0,0.4839334107626791
380,Stairs Palace Peek,NiKo,0,0,0,0,0,0,161,0.0,0.0,0.0,0.0
381,Arch,NiKo,0,0,0,0,0,0,161,0.0,0.0,0.0,0.0
382,Left Side corner deep jungle,NiKo,0,0,0,0,0,0,161,0.0,0.0,0.0,0.0
383,CT Side Apps,NiKo,3,0,3,252,0,252,161,1.4084507042253522,0.0,0.0,1.2195121951219512
384,T Palace Stairs Peek,NiKo,0,0,0,0,0,0,161,0.0,0.0,0.0,0.0
385,Top Mid,yel,1,0,1,100,0,100,129,0.4694835680751174,0.0,0.0,0.4839334107626791
386,Catwalk T Aparments Peek,yel,0,0,0,0,0,0,129,0.0,0.0,0.0,0.0
387,CT Catwalk,yel,0,0,0,0,0,0,129,0.0,0.0,0.0,0.0
388,market,yel,0,0,0,0,0,0,129,0.0,0.0,0.0,0.0
389,Elevated Snipers Awp Peek,yel,0,1,-1,0,100,-100,129,0.0,0.2004008016032064,0.22728822419710434,0.0
390,A Site Exposed to Stairs Connector Cat,yel,0,1,-1,0,95,-95,129,0.0,0.2004008016032064,0.2159238129872491,0.0
391,Underneath B apps plat,yel,0,1,-1,0,100,-100,129,0.0,0.2004008016032064,0.22728822419710434,0.0
392,Back Right B Site from T's Perspective,yel,0,0,0,0,0,0,129,0.0,0.0,0.0,0.0
393,Close Left CT A Ramp,yel,1,0,1,100,0,100,129,0.4694835680751174,0.0,0.0,0.4839334107626791
394,A Site,yel,0,0,0,0,0,0,129,0.0,0.0,0.0,0.0
395,Catwalk Plant B Site,yel,0,1,-1,0,84,-84,129,0.0,0.2004008016032064,0.19092210832556764,0.0
396,Market Window Peek,yel,0,0,0,0,0,0,129,0.0,0.0,0.0,0.0
397,Triple Box,yel,0,0,0,0,70,-70,129,0.0,0.0,0.15910175693797304,0.0
398,Default A,yel,0,0,0,0,0,0,129,0.0,0.0,0.0,0.0
399,Left Side Platform,yel,0,0,0,0,0,0,129,0.0,0.0,0.0,0.0
400,CT Deep Catwalk Mid peek,yel,0,0,0,0,0,0,129,0.0,0.0,0.0,0.0
401,Bench,yel,0,0,0,0,0,0,129,0.0,0.0,0.0,0.0
402,Snipers Nest,yel,0,0,0,0,0,0,129,0.0,0.0,0.0,0.0
403,Ticketbooth ,kennyS,0,0,0,0,0,0,106,0.0,0.0,0.0,0.0
404,Top Mid Catwalk,kennyS,1,0,1,100,0,100,106,0.4694835680751174,0.0,0.0,0.4839334107626791
405,Middle Bench,kennyS,0,0,0,0,0,0,106,0.0,0.0,0.0,0.0
406,A Site Exposed to Stairs Connector Cat,kennyS,0,0,0,0,0,0,106,0.0,0.0,0.0,0.0
407,CT Catwalk,kennyS,1,0,1,100,0,100,106,0.4694835680751174,0.0,0.0,0.4839334107626791
408,Bench,kennyS,0,0,0,0,0,0,106,0.0,0.0,0.0,0.0
409,Right Side Connector,kennyS,0,0,0,0,0,0,106,0.0,0.0,0.0,0.0
410,Deep Jungle,kennyS,0,0,0,0,0,0,106,0.0,0.0,0.0,0.0
411,Market Window Peek,kennyS,0,0,0,0,0,0,106,0.0,0.0,0.0,0.0
412,Arch,kennyS,0,0,0,0,0,0,106,0.0,0.0,0.0,0.0
413,Catwalk T Aparments Peek,kennyS,0,0,0,0,0,0,106,0.0,0.0,0.0,0.0
414,Ticketbooth ,Maluk3,0,2,-2,0,190,-190,92,0.0,0.4008016032064128,0.4318476259744982,0.0
415,A Site Exposed to Stairs Connector Cat,Maluk3,0,0,0,0,0,0,92,0.0,0.0,0.0,0.0
416,Snipers Nest,Maluk3,0,1,-1,0,100,-100,92,0.0,0.2004008016032064,0.22728822419710434,0.0
417,Deep Catwalk,Maluk3,1,0,1,88,0,88,92,0.4694835680751174,0.0,0.0,0.4258614014711576
418,Underpass,Maluk3,0,0,0,0,0,0,92,0.0,0.0,0.0,0.0
419,Top STairs,Maluk3,0,1,-1,0,100,-100,92,0.0,0.2004008016032064,0.22728822419710434,0.0
420,T Spawn towards Apps,Maluk3,0,0,0,0,0,0,92,0.0,0.0,0.0,0.0
421,Connector behind box,Maluk3,0,0,0,0,0,0,92,0.0,0.0,0.0,0.0
422,CT Side Apps,Maluk3,0,0,0,0,0,0,92,0.0,0.0,0.0,0.0
423,Close Left CT A Ramp,Maluk3,0,1,-1,0,100,-100,92,0.0,0.2004008016032064,0.22728822419710434,0.0
424,Deep CT,Maluk3,0,1,-1,0,100,-100,92,0.0,0.2004008016032064,0.22728822419710434,0.0
425,CT Catwalk,Maluk3,2,0,2,137,0,137,92,0.9389671361502347,0.0,0.0,0.6629887727448703
426,Leftside Connector,Maluk3,0,0,0,0,0,0,92,0.0,0.0,0.0,0.0
427,B Bombsite Cross to Catwalk,Maluk3,0,0,0,0,0,0,92,0.0,0.0,0.0,0.0
428,Sandwhich,Maluk3,0,0,0,0,0,0,92,0.0,0.0,0.0,0.0
429,Top Connector,Maluk3,0,0,0,0,0,0,92,0.0,0.0,0.0,0.0
430,T Palace Stairs Peek,Maluk3,0,1,-1,0,100,-100,92,0.0,0.2004008016032064,0.22728822419710434,0.0
431,Stairs Palace Peek,JW,0,0,0,0,0,0,112,0.0,0.0,0.0,0.0
432,Snipers Palace Peek,JW,0,1,-1,0,100,-100,112,0.0,0.2004008016032064,0.22728822419710434,0.0
433,Mid Close Connector,JW,0,0,0,0,0,0,112,0.0,0.0,0.0,0.0
434,Triple Box,JW,0,1,-1,0,100,-100,112,0.0,0.2004008016032064,0.22728822419710434,0.0
435,Snipers Nest,JW,0,0,0,0,0,0,112,0.0,0.0,0.0,0.0
436,CT Spawn,JW,0,0,0,0,0,0,112,0.0,0.0,0.0,0.0
437,market,JW,0,1,-1,0,100,-100,112,0.0,0.2004008016032064,0.22728822419710434,0.0
438,B Site Default Plant,JW,0,0,0,0,0,0,112,0.0,0.0,0.0,0.0
439,A Ramp,JW,0,0,0,0,0,0,112,0.0,0.0,0.0,0.0
440,Deep CT,JW,1,0,1,100,0,100,112,0.4694835680751174,0.0,0.0,0.4839334107626791
441,Bottom Connector,JW,0,0,0,0,0,0,112,0.0,0.0,0.0,0.0
442,Top Mid,JW,1,0,1,67,0,67,112,0.4694835680751174,0.0,0.0,0.324235385210995
443,Inside Market Doors,JW,0,0,0,0,0,0,112,0.0,0.0,0.0,0.0
444,Default A,JW,0,0,0,0,0,0,112,0.0,0.0,0.0,0.0
445,Left Side Platform,JW,0,0,0,0,0,0,112,0.0,0.0,0.0,0.0
446,T Deep Apps Underpass/Apps Peek,JW,0,1,-1,84,100,-16,112,0.0,0.2004008016032064,0.22728822419710434,0.40650406504065045
447,Deep Catwalk,JW,0,0,0,0,0,0,112,0.0,0.0,0.0,0.0
448,A Site Exposed to Stairs Connector Cat,JW,0,0,0,0,0,0,112,0.0,0.0,0.0,0.0
449,Ticketbooth ,JW,0,0,0,0,0,0,112,0.0,0.0,0.0,0.0
450,Deep T Spawn T Ramp,JW,0,0,0,0,0,0,112,0.0,0.0,0.0,0.0
451,Market Window Peek,yeL,0,0,0,0,0,0,70,0.0,0.0,0.0,0.0
452,Ticketbooth ,yeL,0,0,0,0,0,0,70,0.0,0.0,0.0,0.0
453,Bench,yeL,0,0,0,0,0,0,70,0.0,0.0,0.0,0.0
454,T Palace Stairs Peek,yeL,0,1,-1,0,100,-100,70,0.0,0.2004008016032064,0.22728822419710434,0.0
455,Underneath B apps plat,yeL,1,1,0,100,100,0,70,0.4694835680751174,0.2004008016032064,0.22728822419710434,0.4839334107626791
456,Catwalk Connector Peek,yeL,1,0,1,100,0,100,70,0.4694835680751174,0.0,0.0,0.4839334107626791
457,T Spawn A Ramp,yeL,1,0,1,100,0,100,70,0.4694835680751174,0.0,0.0,0.4839334107626791
458,Deep T Apps,yeL,1,1,0,100,20,80,70,0.4694835680751174,0.2004008016032064,0.04545764483942087,0.4839334107626791
459,Left Side Platform,yeL,0,0,0,0,0,0,70,0.0,0.0,0.0,0.0
460,CT Deep Catwalk Mid peek,yeL,0,1,-1,0,100,-100,70,0.0,0.2004008016032064,0.22728822419710434,0.0
461,Connector behind box,yeL,1,1,0,100,74,26,70,0.4694835680751174,0.2004008016032064,0.16819328590585722,0.4839334107626791
462,Close Market door,yeL,0,1,-1,0,57,-57,70,0.0,0.2004008016032064,0.12955428779234948,0.0
463,Left Side corner deep jungle,yeL,0,1,-1,0,100,-100,70,0.0,0.2004008016032064,0.22728822419710434,0.0
464,CT Catwalk,yeL,0,0,0,0,0,0,70,0.0,0.0,0.0,0.0
465,Inside Market Doors,yeL,0,0,0,0,0,0,70,0.0,0.0,0.0,0.0
466,Top Connector,yeL,0,0,0,0,0,0,70,0.0,0.0,0.0,0.0
467,Arch,k0nfig,0,2,-2,0,73,-73,0,0.0,0.4008016032064128,0.16592040366388616,0.0
468,Back Left B Site From T's' Perspective,k0nfig,0,1,-1,0,100,-100,0,0.0,0.2004008016032064,0.22728822419710434,0.0
469,Catwalk T Aparments Peek,k0nfig,0,1,-1,0,100,-100,0,0.0,0.2004008016032064,0.22728822419710434,0.0
470,Deep CT,k0nfig,0,1,-1,0,100,-100,0,0.0,0.2004008016032064,0.22728822419710434,0.0
471,Ticketbooth ,k0nfig,0,1,-1,0,180,-180,0,0.0,0.2004008016032064,0.4091188035547878,0.0
472,T Deep Apps Underpass/Apps Peek,k0nfig,0,1,-1,0,100,-100,0,0.0,0.2004008016032064,0.22728822419710434,0.0
473,Van Barrel Peek,k0nfig,0,1,-1,0,98,-98,0,0.0,0.2004008016032064,0.22274245971316228,0.0
474,Ninja,k0nfig,0,1,-1,0,100,-100,0,0.0,0.2004008016032064,0.22728822419710434,0.0
475,CT Deep Catwalk Mid peek,JUGi,2,0,2,200,0,200,91,0.9389671361502347,0.0,0.0,0.9678668215253582
476,market,JUGi,0,0,0,0,0,0,91,0.0,0.0,0.0,0.0
477,Deep Catwalk,JUGi,0,0,0,0,0,0,91,0.0,0.0,0.0,0.0
478,CT Catwalk,JUGi,0,0,0,0,0,0,91,0.0,0.0,0.0,0.0
479,Market Window Peek,JUGi,0,0,0,0,0,0,91,0.0,0.0,0.0,0.0
480,Snipers Palace Peek,JUGi,0,0,0,0,0,0,91,0.0,0.0,0.0,0.0
481,Underneath B apps plat,JUGi,1,0,1,53,0,53,91,0.4694835680751174,0.0,0.0,0.2564847077042199
482,Tetris,JUGi,0,0,0,0,0,0,91,0.0,0.0,0.0,0.0
483,Underpass,JUGi,0,0,0,0,0,0,91,0.0,0.0,0.0,0.0
484,A Site Exposed to Stairs Connector Cat,JUGi,0,0,0,0,0,0,91,0.0,0.0,0.0,0.0
485,Ticketbooth ,JUGi,0,1,-1,0,65,-65,91,0.0,0.2004008016032064,0.14773734572811784,0.0
486,Close Market door,JUGi,0,0,0,0,0,0,91,0.0,0.0,0.0,0.0
487,Bottom Stairs,JUGi,0,0,0,0,0,0,91,0.0,0.0,0.0,0.0
488,Stairs Smoke Platform,JUGi,0,1,-1,0,0,0,91,0.0,0.2004008016032064,0.0,0.0
489,Triple Box,JUGi,1,0,1,100,0,100,91,0.4694835680751174,0.0,0.0,0.4839334107626791
490,Left Side Platform,JUGi,0,1,-1,0,100,-100,91,0.0,0.2004008016032064,0.22728822419710434,0.0
491,Close Market Window,JUGi,0,0,0,0,0,0,91,0.0,0.0,0.0,0.0
492,Ticketbooth ,hades,0,1,-1,0,100,-100,35,0.0,0.2004008016032064,0.22728822419710434,0.0
493,Van Barrel Peek,hades,1,0,1,100,0,100,35,0.4694835680751174,0.0,0.0,0.4839334107626791
494,CT Side Apps,hades,1,0,1,73,0,73,35,0.4694835680751174,0.0,0.0,0.3532713898567557
495,Arch,hades,0,0,0,0,0,0,35,0.0,0.0,0.0,0.0
496,T Deep Apps Underpass/Apps Peek,hades,0,0,0,0,0,0,35,0.0,0.0,0.0,0.0
497,Mid Close Connector,hades,0,0,0,0,0,0,35,0.0,0.0,0.0,0.0
498,Triple Box,hades,0,0,0,0,0,0,35,0.0,0.0,0.0,0.0
499,Top STairs,hades,0,0,0,0,0,0,35,0.0,0.0,0.0,0.0
500,Close A Ramp,hades,0,0,0,0,0,0,35,0.0,0.0,0.0,0.0
501,Snipers Nest,mantuu,0,1,-1,0,100,-100,73,0.0,0.2004008016032064,0.22728822419710434,0.0
502,Triple Box,mantuu,0,1,-1,0,100,-100,73,0.0,0.2004008016032064,0.22728822419710434,0.0
503,Deep Catwalk,mantuu,0,0,0,0,0,0,73,0.0,0.0,0.0,0.0
504,Top Mid Left Side,mantuu,2,0,2,200,0,200,73,0.9389671361502347,0.0,0.0,0.9678668215253582
505,Snipers Palace Peek,mantuu,0,1,-1,0,100,-100,73,0.0,0.2004008016032064,0.22728822419710434,0.0
506,Firebox,mantuu,0,0,0,0,0,0,73,0.0,0.0,0.0,0.0
507,Inside Market Doors,mantuu,0,0,0,0,0,0,73,0.0,0.0,0.0,0.0
508,Ticketbooth ,mantuu,0,0,0,0,0,0,73,0.0,0.0,0.0,0.0
509,CT Side Apps,mantuu,0,0,0,0,0,0,73,0.0,0.0,0.0,0.0
510,Top STairs,mantuu,0,0,0,0,0,0,73,0.0,0.0,0.0,0.0
511,Close Market door,mantuu,0,0,0,0,0,0,73,0.0,0.0,0.0,0.0
512,A Site Exposed to Stairs Connector Cat,mantuu,0,0,0,0,0,0,73,0.0,0.0,0.0,0.0
513,market,mantuu,0,0,0,0,0,0,73,0.0,0.0,0.0,0.0
514,A Ramp,mantuu,2,0,2,140,0,140,73,0.9389671361502347,0.0,0.0,0.6775067750677507
515,T Palace Stairs Peek,mantuu,0,0,0,0,0,0,73,0.0,0.0,0.0,0.0
516,A Site,FalleN,0,0,0,0,0,0,83,0.0,0.0,0.0,0.0
517,Deep CT,FalleN,0,1,-1,0,100,-100,83,0.0,0.2004008016032064,0.22728822419710434,0.0
518,Underneath B apps plat,FalleN,0,0,0,0,0,0,83,0.0,0.0,0.0,0.0
519,A Ramp,FalleN,0,1,-1,0,100,-100,83,0.0,0.2004008016032064,0.22728822419710434,0.0
520,Ladder Room Catwalk Side,FalleN,0,0,0,0,0,0,83,0.0,0.0,0.0,0.0
521,B Bombsite Cross to Catwalk,FalleN,0,1,-1,0,39,-39,83,0.0,0.2004008016032064,0.0886424074368707,0.0
522,Close Market door,FalleN,0,1,-1,0,100,-100,83,0.0,0.2004008016032064,0.22728822419710434,0.0
523,Deep Catwalk,FalleN,0,0,0,0,0,0,83,0.0,0.0,0.0,0.0
524,Connector behind box,FalleN,0,1,-1,0,100,-100,83,0.0,0.2004008016032064,0.22728822419710434,0.0
525,Deep Catwalk,Woro2k,0,1,-1,0,100,-100,58,0.0,0.2004008016032064,0.22728822419710434,0.0
526,Deep CT,Woro2k,0,0,0,0,0,0,58,0.0,0.0,0.0,0.0
527,Ladder Room Catwalk Side,Woro2k,0,0,0,0,0,0,58,0.0,0.0,0.0,0.0
528,Stairs Palace Peek,Woro2k,0,1,-1,0,100,-100,58,0.0,0.2004008016032064,0.22728822419710434,0.0
529,Snipers Nest,Woro2k,0,1,-1,0,133,-133,58,0.0,0.2004008016032064,0.30229333818214876,0.0
530,Murder Hole,Woro2k,0,0,0,0,0,0,58,0.0,0.0,0.0,0.0
531,Under balcony,Woro2k,0,0,0,0,0,0,58,0.0,0.0,0.0,0.0
532,Triple Box,Woro2k,0,0,0,0,0,0,58,0.0,0.0,0.0,0.0
533,Deep Jungle,Woro2k,0,0,0,0,0,0,58,0.0,0.0,0.0,0.0
534,Close Market door,ropz,0,0,0,0,0,0,27,0.0,0.0,0.0,0.0
535,Deep Jungle,ropz,0,2,-2,0,200,-200,27,0.0,0.4008016032064128,0.4545764483942087,0.0
536,Bottom Connector,ropz,0,1,-1,0,74,-74,27,0.0,0.2004008016032064,0.16819328590585722,0.0
537,T Spawn A Ramp,ropz,0,1,-1,0,100,-100,27,0.0,0.2004008016032064,0.22728822419710434,0.0
538,A Site Exposed to Stairs Connector Cat,ropz,0,1,-1,0,100,-100,27,0.0,0.2004008016032064,0.22728822419710434,0.0
539,CT Catwalk,ropz,2,1,1,200,78,122,27,0.9389671361502347,0.2004008016032064,0.1772848148737414,0.9678668215253582
540,Deep T Apps Underpass STairs,ropz,0,1,-1,0,100,-100,27,0.0,0.2004008016032064,0.22728822419710434,0.0
541,Mid Close Connector,ropz,0,1,-1,0,100,-100,27,0.0,0.2004008016032064,0.22728822419710434,0.0
542,Top Mid,ropz,0,1,-1,0,100,-100,27,0.0,0.2004008016032064,0.22728822419710434,0.0
543,Deep Catwalk,shox,0,1,-1,0,100,-100,0,0.0,0.2004008016032064,0.22728822419710434,0.0
544,Ticketbooth ,shox,0,1,-1,0,100,-100,0,0.0,0.2004008016032064,0.22728822419710434,0.0
545,Ladder Room Catwalk Side,shox,0,1,-1,0,100,-100,0,0.0,0.2004008016032064,0.22728822419710434,0.0
546,Deep Catwalk,CeRq,0,1,-1,0,74,-74,0,0.0,0.2004008016032064,0.16819328590585722,0.0
547,Ticketbooth ,CeRq,0,1,-1,0,73,-73,0,0.0,0.2004008016032064,0.16592040366388616,0.0
548,Snipers Palace Peek,CeRq,0,1,-1,0,100,-100,0,0.0,0.2004008016032064,0.22728822419710434,0.0
549,CT Outside Market,CeRq,0,1,-1,0,100,-100,0,0.0,0.2004008016032064,0.22728822419710434,0.0
550,Top Mid,CeRq,0,1,-1,0,39,-39,0,0.0,0.2004008016032064,0.0886424074368707,0.0
551,T Palace Stairs Peek,CeRq,0,1,-1,84,100,-16,0,0.0,0.2004008016032064,0.22728822419710434,0.40650406504065045
552,market,anarkez,0,1,-1,0,100,-100,23,0.0,0.2004008016032064,0.22728822419710434,0.0
553,Semi Elevated CT Van,anarkez,0,0,0,0,0,0,23,0.0,0.0,0.0,0.0
554,Deep Palace,anarkez,1,0,1,100,0,100,23,0.4694835680751174,0.0,0.0,0.4839334107626791
555,Market Window Peek,anarkez,0,1,-1,0,87,-87,23,0.0,0.2004008016032064,0.19774075505148078,0.0
556,Catwalk T Aparments Peek,allu,0,0,0,0,0,0,22,0.0,0.0,0.0,0.0
557,Deep CT,allu,0,1,-1,0,100,-100,22,0.0,0.2004008016032064,0.22728822419710434,0.0
558,Snipers Nest,farlig,0,1,-1,0,100,-100,24,0.0,0.2004008016032064,0.22728822419710434,0.0
559,Bottom Mid Ladder Room Peek,farlig,0,1,-1,0,68,-68,24,0.0,0.2004008016032064,0.15455599245403095,0.0
560,Bottom Stairs,farlig,0,1,-1,0,100,-100,24,0.0,0.2004008016032064,0.22728822419710434,0.0
561,Back B Site Peeking Apps/Plat,farlig,0,0,0,0,0,0,24,0.0,0.0,0.0,0.0
562,Ninja,farlig,0,0,0,0,0,0,24,0.0,0.0,0.0,0.0
563,Bench,KSCERATO,0,3,-3,0,193,-193,52,0.0,0.6012024048096193,0.43866627270041136,0.0
564,Ticketbooth ,KSCERATO,0,1,-1,0,100,-100,52,0.0,0.2004008016032064,0.22728822419710434,0.0
565,Catwalk T Aparments Peek,KSCERATO,1,0,1,100,0,100,52,0.4694835680751174,0.0,0.0,0.4839334107626791
566,A Site Exposed to Stairs Connector Cat,KSCERATO,0,0,0,0,0,0,52,0.0,0.0,0.0,0.0
567,A Ramp,KSCERATO,0,0,0,0,0,0,52,0.0,0.0,0.0,0.0
568,Bench Closer to Tribox,KSCERATO,0,0,0,0,0,0,52,0.0,0.0,0.0,0.0
569,B Bombsite Cross to Catwalk,KSCERATO,0,1,-1,0,69,-69,52,0.0,0.2004008016032064,0.156828874696002,0.0
570,Leftside Connector,KSCERATO,0,1,-1,0,100,-100,52,0.0,0.2004008016032064,0.22728822419710434,0.0
571,Left Side corner deep jungle,KSCERATO,0,0,0,0,0,0,52,0.0,0.0,0.0,0.0
572,Deep Catwalk,KSCERATO,0,1,-1,0,60,-60,52,0.0,0.2004008016032064,0.1363729345182626,0.0
573,Close Market door,KSCERATO,0,1,-1,0,62,-62,52,0.0,0.2004008016032064,0.1409186990022047,0.0
574,Triple Box,KSCERATO,0,0,0,0,0,0,52,0.0,0.0,0.0,0.0
575,Underpass,KSCERATO,0,1,-1,0,41,-41,52,0.0,0.2004008016032064,0.09318817192081277,0.0
576,CT Deep Catwalk Mid peek,KSCERATO,0,1,-1,0,74,-74,52,0.0,0.2004008016032064,0.16819328590585722,0.0
577,A Site,KSCERATO,0,1,-1,0,100,-100,52,0.0,0.2004008016032064,0.22728822419710434,0.0
578,Bottom Stairs,KSCERATO,0,1,-1,0,73,-73,52,0.0,0.2004008016032064,0.16592040366388616,0.0
579,Deep Jungle,KSCERATO,0,1,-1,0,100,-100,52,0.0,0.2004008016032064,0.22728822419710434,0.0
580,Top Mid,k0nfig ,0,1,-1,0,100,-100,0,0.0,0.2004008016032064,0.22728822419710434,0.0
581,Catwalk T Aparments Peek,k0nfig ,0,1,-1,0,100,-100,0,0.0,0.2004008016032064,0.22728822419710434,0.0
582,Bottom Connector,k0nfig ,0,1,-1,0,82,-82,0,0.0,0.2004008016032064,0.18637634384162555,0.0
583,Bottom Stairs,magixx,0,0,0,0,0,0,24,0.0,0.0,0.0,0.0
584,CT Deep Catwalk Mid peek,magixx,0,2,-2,0,200,-200,24,0.0,0.4008016032064128,0.4545764483942087,0.0
585,Snipers Nest,magixx,0,0,0,0,0,0,24,0.0,0.0,0.0,0.0
586,market,magixx,0,1,-1,0,97,-97,24,0.0,0.2004008016032064,0.22046957747119122,0.0
587,Back B Site Peeking Apps/Plat,magixx,0,1,-1,0,100,-100,24,0.0,0.2004008016032064,0.22728822419710434,0.0
588,Mid Close Connector,magixx,0,0,0,0,0,0,24,0.0,0.0,0.0,0.0
589,Triple Box,magixx,0,1,-1,0,100,-100,24,0.0,0.2004008016032064,0.22728822419710434,0.0
590,Ticketbooth ,k1to,0,2,-2,0,190,-190,0,0.0,0.4008016032064128,0.4318476259744982,0.0
591,Left Side Platform,shox ,0,0,0,0,0,0,27,0.0,0.0,0.0,0.0
592,Deep Jungle,slaxz-,0,1,-1,0,58,-58,29,0.0,0.2004008016032064,0.13182717003432054,0.0
593,Stairs Palace Peek,slaxz-,0,0,0,0,0,0,29,0.0,0.0,0.0,0.0
594,CT Left Side,saffee,0,0,0,0,0,0,28,0.0,0.0,0.0,0.0
595,Ticketbooth ,saffee,0,0,0,0,0,0,28,0.0,0.0,0.0,0.0
596,Underneath B apps plat,almazer,0,1,-1,0,100,-100,0,0.0,0.2004008016032064,0.22728822419710434,0.0
597,Ladder Room Catwalk Side,almazer,0,1,-1,0,100,-100,0,0.0,0.2004008016032064,0.22728822419710434,0.0
598,Top Mid Left Side,Stewie2K,0,2,-2,0,139,-139,0,0.0,0.4008016032064128,0.31593063163397506,0.0
599,T Spawn,Stewie2K,0,1,-1,0,100,-100,0,0.0,0.2004008016032064,0.22728822419710434,0.0
600,CT Catwalk,Stewie2K,0,1,-1,0,67,-67,0,0.0,0.2004008016032064,0.15228311021205992,0.0
601,Ticketbooth ,JACKZ,0,2,-2,0,149,-149,0,0.0,0.4008016032064128,0.33865945405368547,0.0
602,T Spawn towards Apps,JACKZ,0,1,-1,0,100,-100,0,0.0,0.2004008016032064,0.22728822419710434,0.0
603,Close A Ramp,JACKZ,0,1,-1,0,61,-61,0,0.0,0.2004008016032064,0.13864581676023363,0.0
604,CT Deep Catwalk Mid peek,JACKZ,0,1,-1,0,100,-100,0,0.0,0.2004008016032064,0.22728822419710434,0.0
605,Stairs Palace Peek,JACKZ,0,1,-1,0,100,-100,0,0.0,0.2004008016032064,0.22728822419710434,0.0
606,Close Market Window,JACKZ,0,1,-1,0,93,-93,0,0.0,0.2004008016032064,0.21137804850330705,0.0
607,Right Side Connector,try,0,0,0,0,0,0,24,0.0,0.0,0.0,0.0
608,Bench,try,0,0,0,0,0,0,24,0.0,0.0,0.0,0.0
609,Top Connector,try,0,0,0,0,0,0,24,0.0,0.0,0.0,0.0
610,Mid Close Connector,huNter-,0,2,-2,0,200,-200,80,0.0,0.4008016032064128,0.4545764483942087,0.0
611,Underneath B apps plat,huNter-,0,2,-2,0,171,-171,80,0.0,0.4008016032064128,0.3886628633770485,0.0
612,Catwalk T Aparments Peek,huNter-,0,1,-1,0,99,-99,80,0.0,0.2004008016032064,0.22501534195513329,0.0
613,Back Right B Site from T's Perspective,huNter-,0,1,-1,0,100,-100,80,0.0,0.2004008016032064,0.22728822419710434,0.0
614,Catwalk Connector Peek,huNter-,1,0,1,60,0,60,80,0.4694835680751174,0.0,0.0,0.29036004645760743
615,Deep Palace,huNter-,0,1,-1,0,100,-100,80,0.0,0.2004008016032064,0.22728822419710434,0.0
616,Arch,huNter-,0,1,-1,0,100,-100,80,0.0,0.2004008016032064,0.22728822419710434,0.0
617,Bench,huNter-,0,1,-1,0,100,-100,80,0.0,0.2004008016032064,0.22728822419710434,0.0
618,Deep Catwalk,huNter-,0,1,-1,0,100,-100,80,0.0,0.2004008016032064,0.22728822419710434,0.0
619,Deep CT,huNter-,0,1,-1,0,100,-100,80,0.0,0.2004008016032064,0.22728822419710434,0.0
620,Market Window Peek,huNter-,0,1,-1,0,12,-12,80,0.0,0.2004008016032064,0.02727458690365252,0.0
621,Ladder Room Catwalk Side,huNter-,0,1,-1,0,100,-100,80,0.0,0.2004008016032064,0.22728822419710434,0.0
622,A Site Exposed to Stairs Connector Cat,huNter-,0,0,0,0,0,0,80,0.0,0.0,0.0,0.0
623,Deep Jungle,huNter-,0,0,0,0,0,0,80,0.0,0.0,0.0,0.0
624,Close Market door,chelo,0,2,-2,0,200,-200,0,0.0,0.4008016032064128,0.4545764483942087,0.0
625,Top Mid Left Side,chelo,0,1,-1,0,48,-48,0,0.0,0.2004008016032064,0.10909834761461008,0.0
626,A Ramp,chelo,0,1,-1,0,100,-100,0,0.0,0.2004008016032064,0.22728822419710434,0.0
627,Bench,chelo,0,1,-1,0,100,-100,0,0.0,0.2004008016032064,0.22728822419710434,0.0
628,Triple Box,chelo,0,1,-1,0,100,-100,0,0.0,0.2004008016032064,0.22728822419710434,0.0
629,Leftside Connector,chelo,0,1,-1,0,88,-88,0,0.0,0.2004008016032064,0.20001363729345184,0.0
630,T Spawn,chelo,0,1,-1,0,48,-48,0,0.0,0.2004008016032064,0.10909834761461008,0.0
631,T Palace Stairs Peek,kalinka,0,1,-1,0,100,-100,0,0.0,0.2004008016032064,0.22728822419710434,0.0
632,Bottom Stairs,kalinka,0,1,-1,0,42,-42,0,0.0,0.2004008016032064,0.09546105416278382,0.0
633,Snipers Palace Peek,kalinka,0,1,-1,0,82,-82,0,0.0,0.2004008016032064,0.18637634384162555,0.0
634,CT Catwalk,kalinka,0,1,-1,0,46,-46,0,0.0,0.2004008016032064,0.10455258313066801,0.0
635,Left Side Platform,SZPERO,0,1,-1,0,100,-100,0,0.0,0.2004008016032064,0.22728822419710434,0.0
636,Ladder Room Catwalk Side,Snappi,0,1,-1,0,100,-100,0,0.0,0.2004008016032064,0.22728822419710434,0.0
637,B Site Default Plant,Snappi,0,1,-1,0,46,-46,0,0.0,0.2004008016032064,0.10455258313066801,0.0
638,Close Market door,Snappi,0,1,-1,0,100,-100,0,0.0,0.2004008016032064,0.22728822419710434,0.0
639,Top STairs,REDSTAR,0,1,-1,0,97,-97,0,0.0,0.2004008016032064,0.22046957747119122,0.0
640,CT Catwalk,stanislaw,0,1,-1,0,100,-100,0,0.0,0.2004008016032064,0.22728822419710434,0.0
641,A Site,yuurih,0,2,-2,0,135,-135,0,0.0,0.4008016032064128,0.3068391026660909,0.0
642,Safe Plant B Site,yuurih,0,1,-1,0,100,-100,0,0.0,0.2004008016032064,0.22728822419710434,0.0
643,Back Left B Site From T's' Perspective,yuurih,0,1,-1,0,100,-100,0,0.0,0.2004008016032064,0.22728822419710434,0.0
644,Bottom Stairs,yuurih,0,1,-1,0,87,-87,0,0.0,0.2004008016032064,0.19774075505148078,0.0
645,A Site Exposed to Stairs Connector Cat,yuurih,0,1,-1,0,100,-100,0,0.0,0.2004008016032064,0.22728822419710434,0.0
646,Stairs Palace Peek,yuurih,0,1,-1,0,100,-100,0,0.0,0.2004008016032064,0.22728822419710434,0.0
647,Market Window Peek,yuurih,0,1,-1,0,100,-100,0,0.0,0.2004008016032064,0.22728822419710434,0.0
648,Ninja,yuurih,0,1,-1,0,81,-81,0,0.0,0.2004008016032064,0.18410346159965452,0.0
649,Deep Jungle,yuurih,0,1,-1,0,97,-97,0,0.0,0.2004008016032064,0.22046957747119122,0.0
650,Close A Ramp,yuurih,0,1,-1,0,100,-100,0,0.0,0.2004008016032064,0.22728822419710434,0.0
651,A Site,bubble,0,0,0,0,0,0,25,0.0,0.0,0.0,0.0
652,Ticketbooth ,bubble,0,0,0,0,0,0,25,0.0,0.0,0.0,0.0
653,Close Left CT A Ramp,bubble,1,0,1,100,0,100,25,0.4694835680751174,0.0,0.0,0.4839334107626791
654,CT Side Apps,bubble,0,0,0,0,0,0,25,0.0,0.0,0.0,0.0
655,Bottom Mid Boosting Snipers,YEKINDAR,0,1,-1,0,100,-100,28,0.0,0.2004008016032064,0.22728822419710434,0.0
656,Close Market door,YEKINDAR,0,1,-1,78,19,59,28,0.0,0.2004008016032064,0.04318476259744983,0.37746806039488967
657,T Spawn,YEKINDAR,0,0,0,0,0,0,28,0.0,0.0,0.0,0.0
658,CT Outside Market,honda,0,0,0,0,0,0,30,0.0,0.0,0.0,0.0
659,CT Catwalk,honda,0,1,-1,0,100,-100,30,0.0,0.2004008016032064,0.22728822419710434,0.0
660,Deep CT,faveN,0,1,-1,0,32,-32,0,0.0,0.2004008016032064,0.07273223174307339,0.0
661,market,olofmeister,0,1,-1,0,73,-73,0,0.0,0.2004008016032064,0.16592040366388616,0.0
662,Mid Close Connector,maden,0,1,-1,0,100,-100,0,0.0,0.2004008016032064,0.22728822419710434,0.0
663,Bottom Stairs,maden,0,1,-1,0,90,-90,0,0.0,0.2004008016032064,0.2045594017773939,0.0
664,Snipers Nest,Jackinho,0,1,-1,0,77,-77,27,0.0,0.2004008016032064,0.17501193263177034,0.0
665,Close Market door,Jackinho,0,1,-1,0,100,-100,27,0.0,0.2004008016032064,0.22728822419710434,0.0
666,Top Mid,Jackinho,0,1,-1,0,94,-94,27,0.0,0.2004008016032064,0.21365093074527808,0.0
667,Deep Catwalk,Jackinho,0,0,0,0,0,0,27,0.0,0.0,0.0,0.0
668,Top Mid Left Side,pesadelo,0,1,-1,0,100,-100,20,0.0,0.2004008016032064,0.22728822419710434,0.0
669,Inside Market Doors,pesadelo,0,1,-1,0,85,-85,20,0.0,0.2004008016032064,0.1931949905675387,0.0
670,Ticketbooth ,pesadelo,2,0,2,101,0,101,20,0.9389671361502347,0.0,0.0,0.48877274487030586
671,Deep CT,pesadelo,0,0,0,0,0,0,20,0.0,0.0,0.0,0.0
672,A Site Exposed to Stairs Connector Cat,pesadelo,0,1,-1,0,100,-100,20,0.0,0.2004008016032064,0.22728822419710434,0.0
673,Leftside Connector,pesadelo,0,0,0,0,0,0,20,0.0,0.0,0.0,0.0
674,Stairs Palace Peek,pesadelo,0,1,-1,0,100,-100,20,0.0,0.2004008016032064,0.22728822419710434,0.0
675,Top Connector,pesadelo,0,1,-1,0,100,-100,20,0.0,0.2004008016032064,0.22728822419710434,0.0
676,Mid Close Connector,blameF,0,2,-2,0,173,-173,36,0.0,0.4008016032064128,0.39320862786099053,0.0
677,Snipers Nest,blameF,0,1,-1,0,100,-100,36,0.0,0.2004008016032064,0.22728822419710434,0.0
678,Bottom Connector,blameF,0,1,-1,0,100,-100,36,0.0,0.2004008016032064,0.22728822419710434,0.0
679,Close Market door,blameF,0,1,-1,0,73,-73,36,0.0,0.2004008016032064,0.16592040366388616,0.0
680,Bottom Stairs,blameF,0,0,0,0,0,0,36,0.0,0.0,0.0,0.0
681,Right Side Snipers Nest,blameF,0,1,-1,0,100,-100,36,0.0,0.2004008016032064,0.22728822419710434,0.0
682,CT Side Apps,blameF,0,1,-1,0,100,-100,36,0.0,0.2004008016032064,0.22728822419710434,0.0
683,Top Mid,blameF,0,1,-1,0,100,-100,36,0.0,0.2004008016032064,0.22728822419710434,0.0
684,Close A Ramp,blameF,0,1,-1,0,74,-74,36,0.0,0.2004008016032064,0.16819328590585722,0.0
685,Ticketbooth ,flamie,0,1,-1,0,100,-100,36,0.0,0.2004008016032064,0.22728822419710434,0.0
686,Close Market door,flamie,0,1,-1,0,100,-100,36,0.0,0.2004008016032064,0.22728822419710434,0.0
687,Catwalk Connector Peek,flamie,0,0,0,0,0,0,36,0.0,0.0,0.0,0.0
688,CT Catwalk,flamie,0,1,-1,0,13,-13,36,0.0,0.2004008016032064,0.029547469145623565,0.0
689,Default A,flamie,0,1,-1,0,61,-61,36,0.0,0.2004008016032064,0.13864581676023363,0.0
690,Triple Box,flamie,0,1,-1,0,100,-100,36,0.0,0.2004008016032064,0.22728822419710434,0.0
691,Deep Catwalk,flamie,0,1,-1,0,42,-42,36,0.0,0.2004008016032064,0.09546105416278382,0.0
692,Arch,flamie,0,1,-1,0,100,-100,36,0.0,0.2004008016032064,0.22728822419710434,0.0
693,Underneath B apps plat,frozen,0,1,-1,0,99,-99,28,0.0,0.2004008016032064,0.22501534195513329,0.0
694,Bottom Connector,frozen,0,1,-1,0,100,-100,28,0.0,0.2004008016032064,0.22728822419710434,0.0
695,Bench,frozen,0,1,-1,0,70,-70,28,0.0,0.2004008016032064,0.15910175693797304,0.0
696,A Site Exposed to Stairs Connector Cat,frozen,0,1,-1,0,74,-74,28,0.0,0.2004008016032064,0.16819328590585722,0.0
697,CT Catwalk,frozen,0,1,-1,0,100,-100,28,0.0,0.2004008016032064,0.22728822419710434,0.0
698,Arch,frozen,0,1,-1,0,19,-19,28,0.0,0.2004008016032064,0.04318476259744983,0.0
699,Deep Jungle,frozen,0,1,-1,0,100,-100,28,0.0,0.2004008016032064,0.22728822419710434,0.0
700,Close A Ramp,frozen,0,0,0,0,0,0,28,0.0,0.0,0.0,0.0
701,CT Deep Catwalk Mid peek,misutaaa,0,2,-2,0,200,-200,0,0.0,0.4008016032064128,0.4545764483942087,0.0
702,Deep Catwalk,misutaaa,0,1,-1,0,11,-11,0,0.0,0.2004008016032064,0.02500170466168148,0.0
703,Snipers Palace Peek,misutaaa,0,1,-1,0,15,-15,0,0.0,0.2004008016032064,0.03409323362956565,0.0
704,Deep Jungle,misutaaa,0,1,-1,0,73,-73,0,0.0,0.2004008016032064,0.16592040366388616,0.0
705,Deep Catwalk,Ax1Le,1,1,0,100,75,25,49,0.4694835680751174,0.2004008016032064,0.17046616814782825,0.4839334107626791
706,Tetris,Ax1Le,0,1,-1,0,100,-100,49,0.0,0.2004008016032064,0.22728822419710434,0.0
707,CT Deep Catwalk Mid peek,Ax1Le,0,0,0,0,0,0,49,0.0,0.0,0.0,0.0
708,A Ramp,Ax1Le,0,0,0,0,0,0,49,0.0,0.0,0.0,0.0
709,Close Market door,Ax1Le,0,1,-1,0,68,-68,49,0.0,0.2004008016032064,0.15455599245403095,0.0
710,Leftside Connector,Ax1Le,0,0,0,0,0,0,49,0.0,0.0,0.0,0.0
711,Deep Palace,interz,1,0,1,100,0,100,49,0.4694835680751174,0.0,0.0,0.4839334107626791
712,Underpass,interz,0,0,0,0,0,0,49,0.0,0.0,0.0,0.0
713,A Site Exposed to Stairs Connector Cat,interz,0,1,-1,0,60,-60,49,0.0,0.2004008016032064,0.1363729345182626,0.0
714,Triple Box,interz,0,1,-1,0,100,-100,49,0.0,0.2004008016032064,0.22728822419710434,0.0
715,CT Deep Catwalk Mid peek,VINI,0,4,-4,0,400,-400,26,0.0,0.8016032064128256,0.9091528967884174,0.0
716,Ticketbooth ,VINI,0,2,-2,0,200,-200,26,0.0,0.4008016032064128,0.4545764483942087,0.0
717,Catwalk Connector Peek,VINI,0,1,-1,0,100,-100,26,0.0,0.2004008016032064,0.22728822419710434,0.0
718,Deep CT,VINI,0,1,-1,0,100,-100,26,0.0,0.2004008016032064,0.22728822419710434,0.0
719,CT Left Side,VINI,0,1,-1,0,100,-100,26,0.0,0.2004008016032064,0.22728822419710434,0.0
720,Left Side corner deep jungle,VINI,0,1,-1,0,100,-100,26,0.0,0.2004008016032064,0.22728822419710434,0.0
721,CT Catwalk,VINI,0,1,-1,0,192,-192,26,0.0,0.2004008016032064,0.43639339045844033,0.0
722,Snipers Nest,VINI,0,1,-1,0,100,-100,26,0.0,0.2004008016032064,0.22728822419710434,0.0
723,Snipers Palace Peek,VINI,0,1,-1,0,100,-100,26,0.0,0.2004008016032064,0.22728822419710434,0.0
724,Ladder Room Catwalk Side,VINI,0,1,-1,0,100,-100,26,0.0,0.2004008016032064,0.22728822419710434,0.0
725,market,KRIMZ,0,2,-2,0,173,-173,0,0.0,0.4008016032064128,0.39320862786099053,0.0
726,Deep T Apps,KRIMZ,0,1,-1,0,100,-100,0,0.0,0.2004008016032064,0.22728822419710434,0.0
727,Deep Catwalk,Golden,0,1,-1,0,37,-37,27,0.0,0.2004008016032064,0.08409664295292861,0.0
728,Ticketbooth ,Golden,0,0,0,0,0,0,27,0.0,0.0,0.0,0.0
729,Close Market door,Golden,0,1,-1,0,89,-89,27,0.0,0.2004008016032064,0.2022865195354229,0.0
730,Underneath B apps plat,Golden,0,1,-1,0,15,-15,27,0.0,0.2004008016032064,0.03409323362956565,0.0
731,Market Window Peek,Golden,0,1,-1,0,100,-100,27,0.0,0.2004008016032064,0.22728822419710434,0.0
732,Snipers Nest,Golden,0,0,0,0,0,0,27,0.0,0.0,0.0,0.0
733,Underpass,Golden,0,1,-1,0,74,-74,27,0.0,0.2004008016032064,0.16819328590585722,0.0
734,Top Balcony,Golden,1,1,0,100,34,66,27,0.4694835680751174,0.2004008016032064,0.07727799622701548,0.4839334107626791
735,Top STairs,Golden,0,1,-1,0,100,-100,27,0.0,0.2004008016032064,0.22728822419710434,0.0
736,Back Left B Site From T's' Perspective,RUSH,0,0,0,0,0,0,35,0.0,0.0,0.0,0.0
737,Deep Catwalk,RUSH,0,1,-1,0,100,-100,35,0.0,0.2004008016032064,0.22728822419710434,0.0
738,Ticketbooth ,RUSH,0,1,-1,0,100,-100,35,0.0,0.2004008016032064,0.22728822419710434,0.0
739,CT Left Side,RUSH,0,1,-1,0,100,-100,35,0.0,0.2004008016032064,0.22728822419710434,0.0
740,Bench,RUSH,0,1,-1,0,74,-74,35,0.0,0.2004008016032064,0.16819328590585722,0.0
741,CT Side Apps,RUSH,0,1,-1,0,100,-100,35,0.0,0.2004008016032064,0.22728822419710434,0.0
742,Leftside Connector,RUSH,0,1,-1,0,100,-100,35,0.0,0.2004008016032064,0.22728822419710434,0.0
743,B Bombsite Cross to Catwalk,RUSH,0,0,0,0,0,0,35,0.0,0.0,0.0,0.0
744,CT Deep Catwalk Mid peek,RUSH,0,1,-1,0,100,-100,35,0.0,0.2004008016032064,0.22728822419710434,0.0
745,Arch,RUSH,0,1,-1,0,73,-73,35,0.0,0.2004008016032064,0.16592040366388616,0.0
746,A Site,NAF,0,1,-1,0,73,-73,0,0.0,0.2004008016032064,0.16592040366388616,0.0
747,T Deep Apps Underpass/Apps Peek,NAF,0,1,-1,0,100,-100,0,0.0,0.2004008016032064,0.22728822419710434,0.0
748,CT Side Apps,NAF,0,1,-1,0,100,-100,0,0.0,0.2004008016032064,0.22728822419710434,0.0
749,Triple Box,zehN,0,1,-1,0,73,-73,0,0.0,0.2004008016032064,0.16592040366388616,0.0
750,Back Left B Site From T's' Perspective,apEX,0,0,0,0,0,0,27,0.0,0.0,0.0,0.0
751,Bottom Stairs,apEX,0,1,-1,0,100,-100,27,0.0,0.2004008016032064,0.22728822419710434,0.0
752,Market Window Peek,apEX,0,0,0,0,0,0,27,0.0,0.0,0.0,0.0
753,Close Market door,apEX,0,1,-1,0,100,-100,27,0.0,0.2004008016032064,0.22728822419710434,0.0
754,T Palace Stairs Peek,apEX,0,1,-1,0,100,-100,27,0.0,0.2004008016032064,0.22728822419710434,0.0
755,Deep Catwalk,coldzera,0,1,-1,0,100,-100,51,0.0,0.2004008016032064,0.22728822419710434,0.0
756,Ticketbooth ,coldzera,0,1,-1,0,100,-100,51,0.0,0.2004008016032064,0.22728822419710434,0.0
757,Deep CT,coldzera,0,0,0,0,0,0,51,0.0,0.0,0.0,0.0
758,CT Catwalk,coldzera,0,1,-1,0,100,-100,51,0.0,0.2004008016032064,0.22728822419710434,0.0
759,A Site,coldzera,0,1,-1,0,15,-15,51,0.0,0.2004008016032064,0.03409323362956565,0.0
760,Default A,coldzera,0,1,-1,0,100,-100,51,0.0,0.2004008016032064,0.22728822419710434,0.0
761,Top Mid,coldzera,0,0,0,0,0,0,51,0.0,0.0,0.0,0.0
762,Top STairs,coldzera,0,1,-1,0,100,-100,51,0.0,0.2004008016032064,0.22728822419710434,0.0
763,T Palace Stairs Peek,coldzera,0,1,-1,0,46,-46,51,0.0,0.2004008016032064,0.10455258313066801,0.0
764,CT Deep Catwalk Mid peek,nexa,0,0,0,0,0,0,59,0.0,0.0,0.0,0.0
765,Snipers Nest,nexa,0,1,-1,0,100,-100,59,0.0,0.2004008016032064,0.22728822419710434,0.0
766,T Spawn,nexa,0,1,-1,0,100,-100,59,0.0,0.2004008016032064,0.22728822419710434,0.0
767,Bottom Stairs,nexa,0,1,-1,0,100,-100,59,0.0,0.2004008016032064,0.22728822419710434,0.0
768,Register Market,nexa,0,1,-1,0,100,-100,59,0.0,0.2004008016032064,0.22728822419710434,0.0
769,A Site Exposed to Stairs Connector Cat,nexa,0,1,-1,0,41,-41,59,0.0,0.2004008016032064,0.09318817192081277,0.0
770,Ticketbooth ,nexa,0,1,-1,0,100,-100,59,0.0,0.2004008016032064,0.22728822419710434,0.0
771,CT Catwalk,nexa,0,1,-1,0,100,-100,59,0.0,0.2004008016032064,0.22728822419710434,0.0
772,Inside Market Doors,nexa,0,1,-1,0,32,-32,59,0.0,0.2004008016032064,0.07273223174307339,0.0
773,Triple Box,nexa,0,1,-1,0,100,-100,59,0.0,0.2004008016032064,0.22728822419710434,0.0
774,Close A Ramp,nexa,0,1,-1,0,100,-100,59,0.0,0.2004008016032064,0.22728822419710434,0.0
775,Catwalk T Aparments Peek,TeSeS,0,1,-1,0,100,-100,27,0.0,0.2004008016032064,0.22728822419710434,0.0
776,Bottom Connector,TeSeS,0,1,-1,0,100,-100,27,0.0,0.2004008016032064,0.22728822419710434,0.0
777,Bottom Stairs,TeSeS,0,0,0,0,0,0,27,0.0,0.0,0.0,0.0
778,A Ramp,TeSeS,0,1,-1,0,100,-100,27,0.0,0.2004008016032064,0.22728822419710434,0.0
779,Ladder Room Catwalk Side,TeSeS,0,0,0,0,0,0,27,0.0,0.0,0.0,0.0
780,B site Market Plant,TeSeS,0,1,-1,0,100,-100,27,0.0,0.2004008016032064,0.22728822419710434,0.0
781,T Deep apps,TeSeS,0,1,-1,0,100,-100,27,0.0,0.2004008016032064,0.22728822419710434,0.0
782,Deep T Spawn T Ramp,TeSeS,0,1,-1,0,100,-100,27,0.0,0.2004008016032064,0.22728822419710434,0.0
783,Top Balcony,TeSeS,0,1,-1,0,5,-5,27,0.0,0.2004008016032064,0.011364411209855218,0.0
784,Ticketbooth ,hardzao,0,1,-1,0,100,-100,0,0.0,0.2004008016032064,0.22728822419710434,0.0
785,Deep CT,hardzao,0,1,-1,0,100,-100,0,0.0,0.2004008016032064,0.22728822419710434,0.0
786,Back Left B Site From T's' Perspective,Twistzz,0,1,-1,0,100,-100,0,0.0,0.2004008016032064,0.22728822419710434,0.0
787,Inside Market Doors,Twistzz,0,1,-1,0,100,-100,0,0.0,0.2004008016032064,0.22728822419710434,0.0
788,A Site,Twistzz,0,1,-1,0,100,-100,0,0.0,0.2004008016032064,0.22728822419710434,0.0
789,Top Balcony,valde,0,0,0,0,0,0,27,0.0,0.0,0.0,0.0
790,Ticketbooth ,valde,0,1,-1,0,47,-47,27,0.0,0.2004008016032064,0.10682546537263904,0.0
791,CT Catwalk,biguzera,0,1,-1,0,100,-100,0,0.0,0.2004008016032064,0.22728822419710434,0.0
792,Deep Jungle,biguzera,0,1,-1,0,100,-100,0,0.0,0.2004008016032064,0.22728822419710434,0.0
793,Mid Close Connector,biguzera,0,1,-1,0,100,-100,0,0.0,0.2004008016032064,0.22728822419710434,0.0
794,A Site Exposed to Stairs Connector Cat,RpK,0,1,-1,0,100,-100,0,0.0,0.2004008016032064,0.22728822419710434,0.0
795,Close Market door,RpK,0,1,-1,0,100,-100,0,0.0,0.2004008016032064,0.22728822419710434,0.0
796,Bottom Stairs,chrisJ,0,1,-1,0,99,-99,0,0.0,0.2004008016032064,0.22501534195513329,0.0
797,Snipers Nest,Kjaerbye,0,1,-1,0,100,-100,25,0.0,0.2004008016032064,0.22728822419710434,0.0
798,Left Side Platform,Kjaerbye,0,0,0,0,0,0,25,0.0,0.0,0.0,0.0
799,Bench,Kjaerbye,0,1,-1,0,10,-10,25,0.0,0.2004008016032064,0.022728822419710436,0.0
800,Left Side Platform,rain,0,1,-1,0,100,-100,0,0.0,0.2004008016032064,0.22728822419710434,0.0
801,Inside Market Doors,rain,0,1,-1,0,100,-100,0,0.0,0.2004008016032064,0.22728822419710434,0.0
802,A Site Exposed to Stairs Connector Cat,rain,0,1,-1,0,50,-50,0,0.0,0.2004008016032064,0.11364411209855217,0.0
803,CT Catwalk,rain,0,1,-1,0,100,-100,0,0.0,0.2004008016032064,0.22728822419710434,0.0
804,Deep Jungle,nafany,0,1,-1,0,46,-46,21,0.0,0.2004008016032064,0.10455258313066801,0.0
805,Catwalk Plant B Site,nafany,0,1,-1,0,48,-48,21,0.0,0.2004008016032064,0.10909834761461008,0.0
806,CT Deep Catwalk Mid peek,nafany,0,1,-1,0,100,-100,21,0.0,0.2004008016032064,0.22728822419710434,0.0
807,A Site Exposed to Stairs Connector Cat,nafany,0,1,-1,0,100,-100,21,0.0,0.2004008016032064,0.22728822419710434,0.0
808,A Site,Hobbit,0,2,-2,0,140,-140,22,0.0,0.4008016032064128,0.3182035138759461,0.0
809,Ticketbooth ,Hobbit,0,1,-1,0,158,-158,22,0.0,0.2004008016032064,0.3591153942314249,0.0
810,Default A,Hobbit,0,1,-1,0,100,-100,22,0.0,0.2004008016032064,0.22728822419710434,0.0
811,Mid Close Connector,Hobbit,0,1,-1,0,100,-100,22,0.0,0.2004008016032064,0.22728822419710434,0.0
812,Murder Hole,Hobbit,0,0,0,0,0,0,22,0.0,0.0,0.0,0.0
813,Ticketbooth ,sdy,0,1,-1,0,181,-181,0,0.0,0.2004008016032064,0.4113916857967589,0.0
814,Close Left CT A Ramp,sdy,0,1,-1,0,100,-100,0,0.0,0.2004008016032064,0.22728822419710434,0.0
815,Close Market door,sdy,0,1,-1,0,74,-74,0,0.0,0.2004008016032064,0.16819328590585722,0.0
816,Ninja,sdy,0,1,-1,0,100,-100,0,0.0,0.2004008016032064,0.22728822419710434,0.0
817,Stairs Palace Peek,sdy,0,1,-1,0,100,-100,0,0.0,0.2004008016032064,0.22728822419710434,0.0
818,Close A Ramp,sdy,0,1,-1,0,100,-100,0,0.0,0.2004008016032064,0.22728822419710434,0.0
819,Ticketbooth ,Aunkere,0,1,-1,0,173,-173,0,0.0,0.2004008016032064,0.39320862786099053,0.0
820,CT Catwalk,Aunkere,0,1,-1,0,100,-100,0,0.0,0.2004008016032064,0.22728822419710434,0.0
821,Market Window Peek,doto,0,2,-2,0,200,-200,0,0.0,0.4008016032064128,0.4545764483942087,0.0
822,Default A,doto,0,1,-1,0,100,-100,0,0.0,0.2004008016032064,0.22728822419710434,0.0
823,Mid Close Connector,doto,0,1,-1,0,100,-100,0,0.0,0.2004008016032064,0.22728822419710434,0.0
824,Market Window Peek,refrezh,0,2,-2,0,161,-161,27,0.0,0.4008016032064128,0.365934040957338,0.0
825,Back Left B Site From T's' Perspective,refrezh,0,0,0,0,0,0,27,0.0,0.0,0.0,0.0
826,Snipers Nest,refrezh,0,1,-1,0,91,-91,27,0.0,0.2004008016032064,0.20683228401936496,0.0
827,CT Side Apps,refrezh,0,1,-1,0,73,-73,27,0.0,0.2004008016032064,0.16592040366388616,0.0
828,Murder Hole,refrezh,0,1,-1,0,100,-100,27,0.0,0.2004008016032064,0.22728822419710434,0.0
829,Left Side Platform,refrezh,0,1,-1,0,12,-12,27,0.0,0.2004008016032064,0.02727458690365252,0.0
830,Deep Catwalk,refrezh,0,1,-1,0,41,-41,27,0.0,0.2004008016032064,0.09318817192081277,0.0
831,market,tabseN,0,0,0,0,0,0,23,0.0,0.0,0.0,0.0
832,Deep Palace,tabseN,0,1,-1,0,100,-100,23,0.0,0.2004008016032064,0.22728822419710434,0.0
833,Bottom Connector,Aleksib,0,1,-1,0,100,-100,23,0.0,0.2004008016032064,0.22728822419710434,0.0
834,Snipers Nest,Aleksib,0,1,-1,0,100,-100,23,0.0,0.2004008016032064,0.22728822419710434,0.0
835,Top STairs,Aleksib,0,0,0,0,0,0,23,0.0,0.0,0.0,0.0
836,Ticketbooth ,Perfecto,0,3,-3,0,300,-300,48,0.0,0.6012024048096193,0.681864672591313,0.0
837,Bench,Perfecto,0,2,-2,0,128,-128,48,0.0,0.4008016032064128,0.29092892697229356,0.0
838,Catwalk T Aparments Peek,Perfecto,0,1,-1,0,40,-40,48,0.0,0.2004008016032064,0.09091528967884174,0.0
839,Bottom Stairs,Perfecto,0,1,-1,0,100,-100,48,0.0,0.2004008016032064,0.22728822419710434,0.0
840,Left Side Platform,Perfecto,0,1,-1,0,100,-100,48,0.0,0.2004008016032064,0.22728822419710434,0.0
841,Mid Close Connector,Perfecto,0,1,-1,0,100,-100,48,0.0,0.2004008016032064,0.22728822419710434,0.0
842,Triple Box,Perfecto,0,1,-1,0,100,-100,48,0.0,0.2004008016032064,0.22728822419710434,0.0
843,Top Mid Left Side,Perfecto,0,1,-1,0,100,-100,48,0.0,0.2004008016032064,0.22728822419710434,0.0
844,Deep T Apps,Perfecto,0,1,-1,0,58,-58,48,0.0,0.2004008016032064,0.13182717003432054,0.0
845,CT Left Side,Perfecto,0,1,-1,0,90,-90,48,0.0,0.2004008016032064,0.2045594017773939,0.0
846,Snipers Palace Peek,Perfecto,0,1,-1,0,100,-100,48,0.0,0.2004008016032064,0.22728822419710434,0.0
847,Market Window Peek,Perfecto,0,1,-1,0,100,-100,48,0.0,0.2004008016032064,0.22728822419710434,0.0
848,Underneath B apps plat,Perfecto,0,1,-1,0,19,-19,48,0.0,0.2004008016032064,0.04318476259744983,0.0
849,T Spawn,Perfecto,1,0,1,48,0,48,48,0.4694835680751174,0.0,0.0,0.23228803716608595
850,Back Left B Site From T's' Perspective,b1t,0,1,-1,0,96,-96,0,0.0,0.2004008016032064,0.21819669522922017,0.0
851,Triple Box,b1t,0,1,-1,0,100,-100,0,0.0,0.2004008016032064,0.22728822419710434,0.0
852,CT Outside Market,b1t,0,1,-1,0,100,-100,0,0.0,0.2004008016032064,0.22728822419710434,0.0
853,Bottom Stairs,b1t,0,1,-1,0,100,-100,0,0.0,0.2004008016032064,0.22728822419710434,0.0
854,Bench,b1t,0,1,-1,0,99,-99,0,0.0,0.2004008016032064,0.22501534195513329,0.0
855,CT Side Apps,jks,0,2,-2,0,168,-168,0,0.0,0.4008016032064128,0.38184421665113527,0.0
856,Close A Ramp,jks,0,2,-2,0,119,-119,0,0.0,0.4008016032064128,0.27047298679455417,0.0
857,Back Left B Site From T's' Perspective,jks,0,1,-1,0,1,-1,0,0.0,0.2004008016032064,0.0022728822419710434,0.0
858,Inside Market Doors,jks,0,1,-1,0,80,-80,0,0.0,0.2004008016032064,0.18183057935768349,0.0
859,Ticketbooth ,jks,0,1,-1,0,100,-100,0,0.0,0.2004008016032064,0.22728822419710434,0.0
860,Firebox,jks,0,1,-1,0,97,-97,0,0.0,0.2004008016032064,0.22046957747119122,0.0
861,Default A,jks,0,1,-1,0,54,-54,0,0.0,0.2004008016032064,0.12273564106643634,0.0
862,Market Window Peek,jks,0,1,-1,0,100,-100,0,0.0,0.2004008016032064,0.22728822419710434,0.0
863,Market Window Peek,Bymas,0,2,-2,0,156,-156,28,0.0,0.4008016032064128,0.3545696297474828,0.0
864,Close A Ramp,Bymas,0,2,-2,0,173,-173,28,0.0,0.4008016032064128,0.39320862786099053,0.0
865,Safe Plant B Site,Bymas,0,1,-1,0,100,-100,28,0.0,0.2004008016032064,0.22728822419710434,0.0
866,Inside Market Doors,Bymas,0,1,-1,0,100,-100,28,0.0,0.2004008016032064,0.22728822419710434,0.0
867,T Palace Stairs Peek,Bymas,0,1,-1,0,100,-100,28,0.0,0.2004008016032064,0.22728822419710434,0.0
868,CT Deep Catwalk Mid peek,Bymas,0,0,0,0,0,0,28,0.0,0.0,0.0,0.0
869,Stairs Palace Peek,Bymas,0,1,-1,0,100,-100,28,0.0,0.2004008016032064,0.22728822419710434,0.0
870,Ticketbooth ,Boombl4,0,3,-3,0,273,-273,0,0.0,0.6012024048096193,0.6204968520580949,0.0
871,Bottom Stairs,Boombl4,0,3,-3,0,264,-264,0,0.0,0.6012024048096193,0.6000409118803555,0.0
872,A Site Exposed to Stairs Connector Cat,Boombl4,0,1,-1,0,100,-100,0,0.0,0.2004008016032064,0.22728822419710434,0.0
873,Tetris,Boombl4,0,1,-1,0,102,-102,0,0.0,0.2004008016032064,0.23183398868104643,0.0
874,A Site,Boombl4,0,1,-1,0,2,-2,0,0.0,0.2004008016032064,0.004545764483942087,0.0
875,Triple Box,Boombl4,0,1,-1,0,74,-74,0,0.0,0.2004008016032064,0.16819328590585722,0.0
876,Market Window Peek,Boombl4,0,1,-1,0,230,-230,0,0.0,0.2004008016032064,0.52276291565334,0.0
877,Catwalk T Aparments Peek,Boombl4,0,1,-1,0,100,-100,0,0.0,0.2004008016032064,0.22728822419710434,0.0
878,Right Side Connector,dycha,0,1,-1,0,95,-95,0,0.0,0.2004008016032064,0.2159238129872491,0.0
879,Deep Catwalk,dycha,0,1,-1,0,15,-15,0,0.0,0.2004008016032064,0.03409323362956565,0.0
880,Top Van,dycha,0,1,-1,0,0,0,0,0.0,0.2004008016032064,0.0,0.0
881,CT Catwalk,dycha,0,1,-1,0,100,-100,0,0.0,0.2004008016032064,0.22728822419710434,0.0
882,A Site,mir,0,1,-1,0,100,-100,0,0.0,0.2004008016032064,0.22728822419710434,0.0
883,CT Spawn,mir,0,1,-1,0,100,-100,0,0.0,0.2004008016032064,0.22728822419710434,0.0
884,T Palace Stairs Peek,mir,0,1,-1,0,100,-100,0,0.0,0.2004008016032064,0.22728822419710434,0.0
885,market,RUSH ,0,1,-1,0,100,-100,0,0.0,0.2004008016032064,0.22728822419710434,0.0
886,Ticketbooth ,RUSH ,0,1,-1,0,99,-99,0,0.0,0.2004008016032064,0.22501534195513329,0.0
887,Catwalk Plant B Site,RUSH ,0,1,-1,0,79,-79,0,0.0,0.2004008016032064,0.17955769711571246,0.0
888,Left Side Platform,RUSH ,0,1,-1,0,8,-8,0,0.0,0.2004008016032064,0.018183057935768347,0.0
889,CT Catwalk,RUSH ,0,1,-1,0,100,-100,0,0.0,0.2004008016032064,0.22728822419710434,0.0
